Vendor,Product,Product Number,Serial Number,MAC,Software,Exclude
Allied Telesis Holdings K.K.,iMG726MOD,iMG726+AC0-MAIN,,00:0c:25:22:5a:56,3+AC0-8+AC0-03 release 14,
Allied Telesis Holdings K.K.,iMG726MOD,iMG726+AC0-MAIN,,00:0c:25:22:5a:56,3+AC0-8+AC0-03 release 14,
Allied Telesis K.K.,RG613LH,,,00:0d:da:00:29:5e,2+AC0-3 release 59,
Allied Telesis K.K.,RG613LH,,,00:0d:da:00:29:90,1+AC0-2+AC0-1 release 1,
Allied Telesis K.K.,RG613LH,,,00:0d:da:00:29:e8,2+AC0-3 release 59,
Allied Telesis K.K.,RG613LH,,,00:0d:da:00:2e:38,2+AC0-3 release 59,
Allied Telesis K.K.,RG613LH,,,00:0d:da:00:35:c8,2+AC0-3 release 59,
Allied Telesis Holdings K.K.,RG613LH,RG600E,,00:0d:da:00:36:93,2+AC0-5 release 48+AF8-01+AF8-01,
Allied Telesis K.K.,RG613LH,,,00:0d:da:00:37:fc,2+AC0-2+AC0-0 release 44,
Allied Telesis K.K.,RG613LH,,,00:0d:da:00:39:12,2+AC0-2+AC0-0 release 44,
Allied Telesis K.K.,RG613LH,,,00:0d:da:00:39:2f,2+AC0-2+AC0-0 release 44,
Allied Telesis K.K.,RG613LH,,,00:0d:da:00:3a:5a,2+AC0-3 release 59,
Allied Telesis K.K.,RG613LH,,,00:0d:da:00:3a:72,2+AC0-3 release 59,
Allied Telesis K.K.,RG613LH,,,00:0d:da:00:3b:c1,2+AC0-3 release 59,
Allied Telesis K.K.,RG613LH,,,00:0d:da:00:3c:45,2+AC0-3 release 59,
Allied Telesis K.K.,RG613LH,,,00:0d:da:00:3c:4c,2+AC0-2+AC0-0 release 44,
Allied Telesis K.K.,RG613LH,,,00:0d:da:00:3c:6e,2+AC0-3 release 59,
Allied Telesis K.K.,RG613LH,,,00:0d:da:00:3c:95,2+AC0-2+AC0-0 release 44,
Allied Telesis K.K.,RG613LH,,,00:0d:da:00:3d:15,2+AC0-3 release 59,
Allied Telesis K.K.,RG613LH,,,00:0d:da:00:3d:16,2+AC0-3 release 59,
Allied Telesis K.K.,RG613LH,,,00:0d:da:00:3d:45,2+AC0-3 release 59,
Allied Telesis K.K.,RG613LH,,,00:0d:da:00:3d:6c,2+AC0-3 release 59,
Allied Telesis K.K.,RG613LH,,,00:0d:da:00:3e:25,2+AC0-2+AC0-0 release 44,
Allied Telesis K.K.,RG613LH,,,00:0d:da:00:3f:8a,2+AC0-2+AC0-0 release 44,
Allied Telesis K.K.,RG613LH,,,00:0d:da:00:3f:8f,2+AC0-2+AC0-0 release 44,
Allied Telesis K.K.,RG613LH,,,00:0d:da:00:3f:a3,2+AC0-2+AC0-0 release 44,
Allied Telesis K.K.,RG613LH,,,00:0d:da:00:3f:b6,2+AC0-2+AC0-0 release 44,
Allied Telesis K.K.,RG613LH,,,00:0d:da:00:40:e9,2+AC0-2+AC0-0 release 44,
Allied Telesis Holdings K.K.,RG613LH,RG600E,,00:0d:da:00:45:a6,2+AC0-5 release 55+AF8-10+AF8-35,
Allied Telesis K.K.,RG613LH,,,00:0d:da:00:4d:38,2+AC0-3 release 59,
Allied Telesis Holdings K.K.,RG623LH,RG600E,,00:0d:da:00:7a:e1,3+AC0-5 release 83+AF8-03+AF8-96,
Allied Telesis Holdings K.K.,RG623LH,RG600E,,00:0d:da:00:7a:e1,3+AC0-5 release 83+AF8-03+AF8-96,
Allied Telesis K.K.,RG623LH,,,00:0d:da:00:7b:94,2+AC0-3 release 59,
Allied Telesis K.K.,RG613BD,,,00:0d:da:00:f5:12,2+AC0-0+AC0-4 release 22,
Allied Telesis K.K.,RG613BD,RG600E,,00:0d:da:00:f7:ce,2+AC0-4 release 18,
Allied Telesis K.K.,RG613BD,,,00:0d:da:00:f7:cf,2+AC0-2+AC0-0 release 44,
Allied Telesis K.K.,RG613BD,,,00:0d:da:01:07:1e,2+AC0-3 release 59,
Allied Telesis Holdings K.K.,RG613BD,RG600E,,00:0d:da:01:0c:82,2+AC0-5 release 48+AF8-01+AF8-01,
Allied Telesis K.K.,RG613BD,,,00:0d:da:01:0e:f5,2+AC0-3 release 59,
Allied Telesis Holdings K.K.,iMG634A,iMG634A+AC0-MAIN,,00:0d:da:01:8f:be,3+AC0-5 release 83,
Allied Telesis Holdings K.K.,RG623BD,RG600E,,00:0d:da:01:b9:55,2+AC0-5 release 55,
Allied Telesis Holdings K.K.,RG623BD,RG600E,,00:0d:da:01:b9:55,2+AC0-5 release 55,
Allied Telesis Holdings K.K.,RG634B,RG600B,,00:0d:da:02:03:78,3+AC0-5 release 83+AF8-03+AF8-24,
Allied Telesis Holdings K.K.,RG634B,RG600B,,00:0d:da:02:05:72,3+AC0-5 release 83+AF8-03+AF8-24,
Allied Telesis K.K.,RG613TX,,,00:0d:da:02:b5:0c,2+AC0-3 release 59,
Allied Telesis K.K.,RG613TX,,,00:0d:da:02:be:60,2+AC0-3 release 59,
Allied Telesis Holdings K.K.,RG634A,RG600A,,00:0d:da:02:fd:b5,3+AC0-5 release 83,
Allied Telesis Holdings K.K.,RG634A,RG600A,,00:0d:da:02:fe:de,3+AC0-5 release 78,
Allied Telesis Holdings K.K.,RG634A,RG600A,,00:0d:da:02:ff:34,3+AC0-5 release 83+AF8-03+AF8-51,
Allied Telesis Holdings K.K.,RG634A,RG600A,,00:0d:da:03:06:90,3+AC0-5 release 83+AF8-03+AF8-51,
Allied Telesis Holdings K.K.,RG634A,RG600A,,00:0d:da:03:10:d6,3+AC0-5 release 83+AF8-03+AF8-51,
Allied Telesis Holdings K.K.,RG634A,RG600A,,00:0d:da:03:18:ab,3+AC0-5 release 83+AF8-03+AF8-51,
Allied Telesis Holdings K.K.,RG634A,RG600A,,00:0d:da:03:1b:d2,3+AC0-5 release 83+AF8-03+AF8-51,
Allied Telesis Holdings K.K.,RG634A,RG600A,,00:0d:da:03:1b:d2,3+AC0-5 release 83+AF8-03+AF8-51,
Allied Telesis K.K.,iMG646BD,iMG600E,,00:0d:da:03:9c:eb,2+AC0-4 release 48,
Allied Telesis K.K.,iMG646BD,iMG600E,,00:0d:da:03:9d:06,2+AC0-4 release 18,
Allied Telesis Holdings K.K.,iMG646BD,iMG600E,,00:0d:da:03:be:1a,2+AC0-5 release 48+AF8-01+AF8-01,
Allied Telesis Holdings K.K.,iMG646BD,iMG600E,,00:0d:da:03:c0:a7,2+AC0-5 release 55,
Allied Telesis K.K.,iMG613RF,,,00:0d:da:03:c7:fa,2+AC0-3 release 59+AF8-02+AF8-01,
Allied Telesis K.K.,iMG613RF,,,00:0d:da:03:da:54,2+AC0-3 release 59+AF8-02+AF8-01,
Allied Telesis Holdings K.K.,iMG613RF,iMG600E,,00:0d:da:03:e4:90,2+AC0-5 release 55,
Allied Telesis Holdings K.K.,iMG613RF,iMG600E,,00:0d:da:03:e4:95,2+AC0-5 release 55,
Allied Telesis Holdings K.K.,iMG613RF,iMG600E,,00:0d:da:03:e5:05,2+AC0-5 release 55,
Allied Telesis Holdings K.K.,iMG613RF,iMG600E,,00:0d:da:03:e5:20,2+AC0-5 release 55,
Allied Telesis Holdings K.K.,iMG613RF,iMG600E,,00:0d:da:03:e5:37,2+AC0-5 release 55,
Allied Telesis Holdings K.K.,iMG613RF,iMG600E,,00:0d:da:03:e5:45,2+AC0-5 release 55,
Allied Telesis Holdings K.K.,iMG613RF,iMG600E,,00:0d:da:03:e5:60,2+AC0-5 release 55,
Allied Telesis Holdings K.K.,iMG613RF,iMG600E,,00:0d:da:03:e5:77,2+AC0-5 release 55,
Allied Telesis Holdings K.K.,iMG613RF,iMG600E,,00:0d:da:03:e5:7a,2+AC0-5 release 55,
Allied Telesis Holdings K.K.,iMG613RF,iMG600E,,00:0d:da:03:e5:7d,2+AC0-5 release 55,
Allied Telesis Holdings K.K.,iMG613RF,iMG600E,,00:0d:da:03:e5:89,2+AC0-5 release 55,
Allied Telesis Holdings K.K.,iMG613RF,iMG600E,,00:0d:da:03:e5:90,2+AC0-5 release 55,
Allied Telesis Holdings K.K.,iMG613RF,iMG600E,,00:0d:da:03:e6:35,2+AC0-5 release 55,
Allied Telesis Holdings K.K.,iMG613RF,iMG600E,,00:0d:da:03:e6:58,2+AC0-5 release 55,
Allied Telesis Holdings K.K.,iMG613RF,iMG600E,,00:0d:da:03:e6:f2,2+AC0-5 release 55,
Allied Telesis Holdings K.K.,iMG613RF,iMG600E,,00:0d:da:03:e6:fa,2+AC0-5 release 55,
Allied Telesis Holdings K.K.,iMG613RF,iMG600E,,00:0d:da:03:e7:00,2+AC0-5 release 55,
Allied Telesis Holdings K.K.,iMG613RF,iMG600E,,00:0d:da:03:e7:01,2+AC0-5 release 55,
Allied Telesis Holdings K.K.,iMG613RF,iMG600E,,00:0d:da:03:e7:85,2+AC0-5 release 55,
Allied Telesis Holdings K.K.,iMG613RF,iMG600E,,00:0d:da:03:e7:a1,2+AC0-5 release 55,
Allied Telesis Holdings K.K.,iMG613RF,iMG600E,,00:0d:da:03:e7:ac,2+AC0-5 release 55,
Allied Telesis Holdings K.K.,iMG613RF,iMG600E,,00:0d:da:03:e7:ae,2+AC0-5 release 55,
Allied Telesis Holdings K.K.,iMG613RF,iMG600E,,00:0d:da:03:e7:b1,2+AC0-5 release 55,
Allied Telesis Holdings K.K.,iMG613RF,iMG600E,,00:0d:da:03:e7:b5,2+AC0-5 release 55,
Allied Telesis Holdings K.K.,iMG613RF,iMG600E,,00:0d:da:03:e7:b6,2+AC0-5 release 55,
Allied Telesis Holdings K.K.,iMG613RF,iMG600E,,00:0d:da:03:e8:17,2+AC0-5 release 55,
Allied Telesis Holdings K.K.,iMG613RF,iMG600E,,00:0d:da:03:e8:45,2+AC0-5 release 55,
Allied Telesis Holdings K.K.,iMG613RF,iMG600E,,00:0d:da:03:e8:75,2+AC0-5 release 55,
Allied Telesis Holdings K.K.,iMG613RF,iMG600E,,00:0d:da:03:e8:7a,2+AC0-5 release 55,
Allied Telesis K.K.,iMG613RF,,,00:0d:da:03:e8:c7,2+AC0-3 release 59+AF8-02+AF8-01,
Allied Telesis K.K.,iMG606BD,,,00:0d:da:04:09:a2,2+AC0-3 release 59+AF8-01+AF8-08,
Allied Telesis Holdings K.K.,iMG606BD,iMG600E,,00:0d:da:04:10:88,2+AC0-5 release 55,
Allied Telesis Holdings K.K.,RG624A,RG600A,,00:0d:da:04:16:b8,3+AC0-5 release 83+AF8-03+AF8-51,
Allied Telesis Holdings K.K.,RG624A,RG600A,,00:0d:da:04:1f:08,3+AC0-5 release 83+AF8-03+AF8-113,
Allied Telesis Holdings K.K.,RG624A,RG600A,,00:0d:da:04:1f:42,3+AC0-5 release 83+AF8-03+AF8-51,
Allied Telesis Holdings K.K.,RG624A,RG600A,,00:0d:da:04:20:49,3+AC0-5 release 83+AF8-03+AF8-113,
Allied Telesis Holdings K.K.,RG624A,RG600A,,00:0d:da:04:20:c7,3+AC0-5 release 83+AF8-03+AF8-113,
Allied Telesis Holdings K.K.,RG613LH,RG600E,,00:0d:da:04:8a:ca,2+AC0-5 release 48+AF8-01+AF8-01,
Allied Telesis Holdings K.K.,iMG606BD,iMG600E,,00:0d:da:04:b2:fe,2+AC0-5 release 55+AF8-10+AF8-29,
Allied Telesis Holdings K.K.,iMG606BD,iMG600E,,00:0d:da:04:b3:49,2+AC0-5 release 55,
Allied Telesis Holdings K.K.,iMG606BD,iMG600E,,00:0d:da:04:b3:58,2+AC0-5 release 55,
Allied Telesis K.K.,iMG606BD,iMG600E,,00:0d:da:04:b4:0f,2+AC0-4 release 58+AF8-02+AF8-03,
Allied Telesis K.K.,iMG606BD,iMG600E,,00:0d:da:04:b4:2e,2+AC0-4 release 58+AF8-02+AF8-03,
Allied Telesis Holdings K.K.,iMG606BD,iMG600E,,00:0d:da:04:b4:8b,2+AC0-5 release 55+AF8-10+AF8-12+AF8-05,
Allied Telesis K.K.,iMG606BD,iMG600E,,00:0d:da:04:b5:08,2+AC0-4 release 58+AF8-02+AF8-03,
Allied Telesis K.K.,iMG606BD,iMG600E,,00:0d:da:04:b6:f8,2+AC0-4 release 58+AF8-02+AF8-03,
Allied Telesis K.K.,iMG606BD,iMG600E,,00:0d:da:04:b6:f8,2+AC0-4 release 58+AF8-02+AF8-03,
Allied Telesis Holdings K.K.,iMG606BD,iMG600E,,00:0d:da:04:b7:3a,2+AC0-5 release 55+AF8-10+AF8-12+AF8-05,
Allied Telesis Holdings K.K.,iMG634WA,iMG634A+AC0-MAIN,,00:0d:da:05:2f:d3,3+AC0-5 release 83+AF8-03+AF8-51,
Allied Telesis Holdings K.K.,iMG634WA,iMG634A+AC0-MAIN,,00:0d:da:05:31:74,3+AC0-5 release 83+AF8-03+AF8-51,
Allied Telesis Holdings K.K.,iMG634WA,iMG634A+AC0-MAIN,,00:0d:da:05:31:78,3+AC0-5 release 83+AF8-03+AF8-51,
Allied Telesis Holdings K.K.,iMG634WA,iMG634A+AC0-MAIN,,00:0d:da:05:32:fb,3+AC0-5 release 83+AF8-03+AF8-51,
Allied Telesis Holdings K.K.,iMG634WA,iMG634A+AC0-MAIN,,00:0d:da:05:34:64,3+AC0-5 release 83+AF8-03+AF8-51,
Allied Telesis Holdings K.K.,iMG634WA,iMG634A+AC0-MAIN,,00:0d:da:05:34:83,3+AC0-5 release 83+AF8-03+AF8-51,
Allied Telesis Holdings K.K.,iMG634WA,iMG634A+AC0-MAIN,,00:0d:da:05:34:f0,3+AC0-5 release 83+AF8-03+AF8-51,
Allied Telesis Holdings K.K.,iMG634WA,iMG634A+AC0-MAIN,,00:0d:da:05:35:2c,3+AC0-5 release 83+AF8-03+AF8-51,
Allied Telesis Holdings K.K.,iMG634WA,iMG634A+AC0-MAIN,,00:0d:da:05:35:86,3+AC0-5 release 83+AF8-03+AF8-51,
Allied Telesis Holdings K.K.,iMG634WA,iMG634A+AC0-MAIN,,00:0d:da:05:35:f4,3+AC0-5 release 83+AF8-03+AF8-51,
Allied Telesis Holdings K.K.,iMG634WA,iMG634A+AC0-MAIN,,00:0d:da:05:36:cb,3+AC0-5 release 83+AF8-03+AF8-51,
Allied Telesis Holdings K.K.,iMG634WA,iMG634A+AC0-MAIN,,00:0d:da:05:37:ca,3+AC0-5 release 83+AF8-03+AF8-51,
Allied Telesis Holdings K.K.,iMG634WA,iMG634A+AC0-MAIN,,00:0d:da:05:38:1b,3+AC0-5 release 83+AF8-03+AF8-51,
Allied Telesis Holdings K.K.,iMG634WA,iMG634A+AC0-MAIN,,00:0d:da:05:38:c9,3+AC0-5 release 83+AF8-03+AF8-51,
Allied Telesis Holdings K.K.,iMG634WA,iMG634A+AC0-MAIN,,00:0d:da:05:3a:79,3+AC0-5 release 83+AF8-03+AF8-51,
Allied Telesis Holdings K.K.,iMG634WA,iMG634A+AC0-MAIN,,00:0d:da:05:3a:ad,3+AC0-5 release 83+AF8-03+AF8-51,
Allied Telesis Holdings K.K.,iMG634WA,iMG634A+AC0-MAIN,,00:0d:da:05:3b:63,3+AC0-5 release 83+AF8-03+AF8-51,
Allied Telesis Holdings K.K.,iMG634WA,iMG634A+AC0-MAIN,,00:0d:da:05:3c:98,3+AC0-5 release 83+AF8-03+AF8-51,
Allied Telesis Holdings K.K.,iMG634WA,iMG634A+AC0-MAIN,,00:0d:da:05:3c:da,3+AC0-5 release 83+AF8-03+AF8-51,
Allied Telesis Holdings K.K.,iMG634WA,iMG634A+AC0-MAIN,,00:0d:da:05:3c:ea,3+AC0-5 release 83+AF8-03+AF8-51,
Allied Telesis Holdings K.K.,iMG634WA,iMG634A+AC0-MAIN,,00:0d:da:05:41:78,3+AC0-5 release 83+AF8-03+AF8-51,
Allied Telesis Holdings K.K.,iMG634WA,iMG634A+AC0-MAIN,,00:0d:da:05:41:ea,3+AC0-5 release 83+AF8-03+AF8-51,
Allied Telesis Holdings K.K.,iMG634WA,iMG634A+AC0-MAIN,,00:0d:da:05:42:45,3+AC0-5 release 83+AF8-03+AF8-51,
Allied Telesis Holdings K.K.,iMG634WB,iMG634B+AC0-MAIN,,00:0d:da:05:70:c1,3+AC0-5 release 83+AF8-03+AF8-103+AF8-21+AF8-01,
Allied Telesis Holdings K.K.,iMG646BD,RG6X6E,,00:0d:da:06:13:a7,3+AC0-8+AC0-05 release 02,
Allied Telesis Holdings K.K.,iMG646BD,RG6X6E,,00:0d:da:06:13:a7,3+AC0-8+AC0-05 release 02,
Allied Telesis Holdings K.K.,iMG646BD,RG6X6E,,00:0d:da:06:13:a7,3+AC0-8+AC0-05 release 02,
Allied Telesis K.K.,iMG646BD,iMG600E,,00:0d:da:06:17:08,2+AC0-4 release 58+AF8-02+AF8-03,
Allied Telesis Holdings K.K.,iMG646BD,iMG600E,,00:0d:da:06:19:3d,2+AC0-5 release 48+AF8-01+AF8-01,
Allied Telesis K.K.,iMG646BD,iMG600E,,00:0d:da:06:19:80,2+AC0-4 release 58+AF8-02+AF8-03,
Allied Telesis Holdings K.K.,iMG646BD,RG6X6E,,00:0d:da:06:1a:0e,3+AC0-8+AC0-02 release 25,
Allied Telesis Holdings K.K.,iMG646BD,RG6X6E,,00:0d:da:06:1a:10,3+AC0-8+AC0-02 release 25,
Allied Telesis Holdings K.K.,iMG646BD,RG6X6E,,00:0d:da:06:1a:93,3+AC0-8+AC0-02 release 25,
Allied Telesis Holdings K.K.,iMG646BD,RG6X6E,,00:0d:da:06:1b:37,3+AC0-8+AC0-02 release 25,
Allied Telesis Holdings K.K.,iMG646BD,RG6X6E,,00:0d:da:06:1b:95,3+AC0-8+AC0-02 release 25,
Allied Telesis Holdings K.K.,iMG646BD,RG6X6E,,00:0d:da:06:1b:be,3+AC0-8+AC0-04 release 29,
Allied Telesis Holdings K.K.,iMG646BD,RG6X6E,,00:0d:da:06:1c:00,3+AC0-8+AC0-02 release 25,
Allied Telesis K.K.,iMG646BD,iMG600E,,00:0d:da:06:23:48,2+AC0-4 release 58+AF8-02+AF8-03,
Allied Telesis K.K.,iMG646BD,iMG600E,,00:0d:da:06:24:e3,2+AC0-4 release 58+AF8-02+AF8-03,
Allied Telesis K.K.,iMG646BD,iMG600E,,00:0d:da:06:25:75,2+AC0-4 release 58+AF8-02+AF8-03,
Allied Telesis K.K.,iMG646BD,iMG600E,,00:0d:da:06:25:b5,2+AC0-4 release 58+AF8-02+AF8-03,
Allied Telesis K.K.,iMG646BD,iMG600E,,00:0d:da:06:26:8a,2+AC0-4 release 58+AF8-02+AF8-03,
Allied Telesis K.K.,iMG646BD,iMG600E,,00:0d:da:06:27:2f,2+AC0-4 release 58+AF8-02+AF8-03,
Allied Telesis K.K.,iMG646BD,iMG600E,,00:0d:da:06:28:92,2+AC0-4 release 58+AF8-02+AF8-03,
Allied Telesis K.K.,iMG646BD,iMG600E,,00:0d:da:06:28:bc,2+AC0-4 release 58+AF8-02+AF8-03,
Allied Telesis K.K.,iMG646BD,iMG600E,,00:0d:da:06:29:1b,2+AC0-4 release 58+AF8-02+AF8-03,
Allied Telesis K.K.,iMG646BD,iMG600E,,00:0d:da:06:29:dc,2+AC0-4 release 58+AF8-02+AF8-03,
Allied Telesis K.K.,iMG646BD,iMG600E,,00:0d:da:06:2b:5e,2+AC0-4 release 58+AF8-02+AF8-03,
Allied Telesis K.K.,iMG646BD,iMG600E,,00:0d:da:06:2c:90,2+AC0-4 release 58+AF8-02+AF8-03,
Allied Telesis Holdings K.K.,iMG646BD,RG6X6E,,00:0d:da:06:30:af,3+AC0-8+AC0-05 release 04,
Allied Telesis Holdings K.K.,iMG646BD,RG6X6E,,00:0d:da:06:30:bd,3+AC0-8+AC0-02 release 25,
Allied Telesis Holdings K.K.,iMG646BD,RG6X6E,,00:0d:da:06:30:cc,3+AC0-8+AC0-02 release 25,
Allied Telesis Holdings K.K.,iMG646BD,RG6X6E,,00:0d:da:06:31:37,3+AC0-8+AC0-02 release 25,
Allied Telesis Holdings K.K.,iMG646BD,RG6X6E,,00:0d:da:06:31:65,3+AC0-8+AC0-04 release 29,
Allied Telesis Holdings K.K.,iMG646BD,RG6X6E,,00:0d:da:06:31:77,3+AC0-8+AC0-02 release 25,
Allied Telesis Holdings K.K.,iMG646BD,RG6X6E,,00:0d:da:06:31:7c,3+AC0-8+AC0-02 release 25,
Allied Telesis Holdings K.K.,iMG646BD,RG6X6E,,00:0d:da:06:31:af,3+AC0-8+AC0-02 release 25,
Allied Telesis Holdings K.K.,iMG646BD,RG6X6E,,00:0d:da:06:31:bc,3+AC0-8+AC0-02 release 25,
Allied Telesis Holdings K.K.,iMG646BD,RG6X6E,,00:0d:da:06:32:26,3+AC0-8+AC0-02 release 25,
Allied Telesis Holdings K.K.,iMG646BD,RG6X6E,,00:0d:da:06:32:2a,3+AC0-8+AC0-02 release 25,
Allied Telesis Holdings K.K.,iMG646BD,RG6X6E,,00:0d:da:06:32:78,3+AC0-8+AC0-02 release 25,
Allied Telesis Holdings K.K.,iMG646BD,RG6X6E,,00:0d:da:06:32:cb,3+AC0-7+AC0-04 release 34+AF8-01+AF8-16,
Allied Telesis Holdings K.K.,iMG646BD,RG6X6E,,00:0d:da:06:33:6f,3+AC0-8+AC0-02 release 25,
Allied Telesis Holdings K.K.,iMG646BD,RG6X6E,,00:0d:da:06:33:95,3+AC0-8+AC0-03 release 14,
Allied Telesis K.K.,iMG613RF,,,00:0d:da:06:36:2e,2+AC0-3 release 59+AF8-02+AF8-01,
Allied Telesis K.K.,iMG613RF,,,00:0d:da:06:37:5f,2+AC0-3 release 59+AF8-02+AF8-01,
Allied Telesis Holdings K.K.,iMG613RF,iMG600E,,00:0d:da:06:38:91,2+AC0-5 release 55,
Allied Telesis K.K.,iMG613RF,,,00:0d:da:06:3c:02,2+AC0-3 release 59+AF8-02+AF8-01,
Allied Telesis K.K.,iMG613RF,,,00:0d:da:06:3c:c5,2+AC0-3 release 59+AF8-02+AF8-01,
Allied Telesis K.K.,iMG613RF,,,00:0d:da:06:3d:49,2+AC0-3 release 59+AF8-02+AF8-01,
Allied Telesis Holdings K.K.,iMG616BD,iMG616E,,00:0d:da:06:ae:11,3+AC0-8+AC0-02 release 25,
Allied Telesis Holdings K.K.,iMG616BD,iMG616E,,00:0d:da:06:ae:24,3+AC0-5 release 83+AF8-03+AF8-69,
Allied Telesis Holdings K.K.,iMG616BD,iMG616E,,00:0d:da:06:ae:35,3+AC0-5 release 83+AF8-03+AF8-69,
Allied Telesis Holdings K.K.,iMG616BD,iMG616E,,00:0d:da:06:b0:28,3+AC0-5 release 83+AF8-03+AF8-69,
Allied Telesis Holdings K.K.,iMG616BD,iMG616E,,00:0d:da:06:b2:25,3+AC0-8+AC0-02 release 25,
Allied Telesis Holdings K.K.,iMG616BD,iMG616E,,00:0d:da:06:b4:85,3+AC0-5 release 83+AF8-03+AF8-69,
Allied Telesis Holdings K.K.,iMG616BD,iMG616E,,00:0d:da:06:b5:cc,3+AC0-8+AC0-02 release 25,
Allied Telesis Holdings K.K.,iMG616BD,iMG616E,,00:0d:da:06:b6:cf,3+AC0-8+AC0-02 release 25,
Allied Telesis Holdings K.K.,iMG616BD,iMG616E,,00:0d:da:06:b8:52,3+AC0-8+AC0-02 release 25,
Allied Telesis Holdings K.K.,iMG616BD,iMG616E,,00:0d:da:06:bd:61,3+AC0-7+AC0-03 release 18,
Allied Telesis Holdings K.K.,iMG616BD,iMG616E,,00:0d:da:06:bf:50,3+AC0-5 release 83,
Allied Telesis Holdings K.K.,iMG616LH,iMG616E,,00:0d:da:06:c1:9f,3+AC0-5 release 83+AF8-03+AF8-51,
Allied Telesis Holdings K.K.,iMG616LH,iMG616E,,00:0d:da:06:c1:9f,3+AC0-5 release 83+AF8-03+AF8-51,
Allied Telesis Holdings K.K.,iMG616LH,iMG616E,,00:0d:da:06:c2:d7,3+AC0-5 release 83+AF8-03+AF8-51,
Allied Telesis Holdings K.K.,iMG616LH,iMG616E,,00:0d:da:06:c2:e9,3+AC0-5 release 83+AF8-03+AF8-51,
Allied Telesis Holdings K.K.,iMG616LH,iMG616E,,00:0d:da:06:c4:6c,3+AC0-5 release 83+AF8-03+AF8-51,
Allied Telesis Holdings K.K.,iMG616LH,iMG616E,,00:0d:da:06:c4:d8,3+AC0-5 release 83+AF8-03+AF8-51,
Allied Telesis Holdings K.K.,iMG616LH,iMG616E,,00:0d:da:06:c4:d8,3+AC0-5 release 83+AF8-03+AF8-51,
Allied Telesis Holdings K.K.,iMG616LH,iMG616E,,00:0d:da:06:c5:17,3+AC0-5 release 83+AF8-03+AF8-51,
Allied Telesis Holdings K.K.,iMG616LH,iMG616E,,00:0d:da:06:c6:e2,3+AC0-5 release 83+AF8-03+AF8-51,
Allied Telesis Holdings K.K.,iMG616LH,iMG616E,,00:0d:da:06:c6:e2,3+AC0-5 release 83+AF8-03+AF8-51,
Allied Telesis Holdings K.K.,iMG616LH,iMG616E,,00:0d:da:06:c7:67,3+AC0-7+AC0-03 release 18,
Allied Telesis Holdings K.K.,iMG616BD,iMG616E,,00:0d:da:06:c8:36,3+AC0-5 release 83+AF8-03+AF8-69,
Allied Telesis Holdings K.K.,iMG616BD,iMG616E,,00:0d:da:06:c8:df,3+AC0-8+AC0-05 release 02,
Allied Telesis Holdings K.K.,iMG616BD,iMG616E,,00:0d:da:06:c9:3d,3+AC0-5 release 83,
Allied Telesis Holdings K.K.,iMG616BD,iMG616E,,00:0d:da:06:c9:91,3+AC0-5 release 83,
Allied Telesis Holdings K.K.,iMG616BD,iMG616E,,00:0d:da:06:c9:e1,3+AC0-5 release 83+AF8-03+AF8-69,
Allied Telesis Holdings K.K.,iMG616BD,iMG616E,,00:0d:da:06:c9:f0,3+AC0-5 release 83+AF8-03+AF8-69,
Allied Telesis Holdings K.K.,iMG616BD,iMG616E,,00:0d:da:06:ca:44,3+AC0-5 release 83+AF8-03+AF8-69,
Allied Telesis Holdings K.K.,iMG616BD,iMG616E,,00:0d:da:06:ca:5d,3+AC0-5 release 83+AF8-03+AF8-69,
Allied Telesis Holdings K.K.,iMG616BD,iMG616E,,00:0d:da:06:ca:6c,3+AC0-5 release 83+AF8-03+AF8-69,
Allied Telesis Holdings K.K.,iMG616BD,iMG616E,,00:0d:da:06:ca:74,3+AC0-5 release 83+AF8-03+AF8-69,
Allied Telesis Holdings K.K.,iMG616BD,iMG616E,,00:0d:da:06:cb:b6,3+AC0-5 release 83+AF8-03+AF8-69,
Allied Telesis Holdings K.K.,iMG616BD,iMG616E,,00:0d:da:06:cc:3c,3+AC0-5 release 83+AF8-03+AF8-69,
Allied Telesis Holdings K.K.,iMG616BD,iMG616E,,00:0d:da:06:cc:44,3+AC0-5 release 83+AF8-03+AF8-69,
Allied Telesis Holdings K.K.,iMG616BD,iMG616E,,00:0d:da:06:cc:5b,3+AC0-5 release 83+AF8-03+AF8-69,
Allied Telesis Holdings K.K.,iMG616BD,iMG616E,,00:0d:da:06:cc:62,3+AC0-5 release 83+AF8-03+AF8-69,
Allied Telesis Holdings K.K.,iMG616BD,iMG616E,,00:0d:da:06:cc:a7,3+AC0-5 release 83+AF8-03+AF8-69,
Allied Telesis Holdings K.K.,iMG616BD,iMG616E,,00:0d:da:06:cc:d9,3+AC0-5 release 83+AF8-03+AF8-69,
Allied Telesis Holdings K.K.,iMG616BD,iMG616E,,00:0d:da:06:cc:f5,3+AC0-5 release 83,
Allied Telesis Holdings K.K.,iMG616BD,iMG616E,,00:0d:da:06:cd:7b,3+AC0-5 release 83+AF8-03+AF8-69,
Allied Telesis Holdings K.K.,iMG616BD,iMG616E,,00:0d:da:06:ce:1b,3+AC0-5 release 83+AF8-03+AF8-69,
Allied Telesis Holdings K.K.,iMG616BD,iMG616E,,00:0d:da:06:ce:3c,3+AC0-5 release 83+AF8-03+AF8-69,
Allied Telesis Holdings K.K.,iMG616BD,iMG616E,,00:0d:da:06:cf:48,3+AC0-5 release 83+AF8-03+AF8-69,
Allied Telesis Holdings K.K.,iMG616BD,iMG616E,,00:0d:da:06:cf:49,3+AC0-5 release 83+AF8-03+AF8-69,
Allied Telesis Holdings K.K.,iMG616BD,iMG616E,,00:0d:da:06:cf:69,3+AC0-5 release 83+AF8-03+AF8-69,
Allied Telesis Holdings K.K.,iMG616BD,iMG616E,,00:0d:da:06:cf:ab,3+AC0-5 release 83+AF8-03+AF8-69,
Allied Telesis Holdings K.K.,iMG616BD,iMG616E,,00:0d:da:06:d3:9d,3+AC0-5 release 83+AF8-03+AF8-69,
Allied Telesis Holdings K.K.,iMG616BD,iMG616E,,00:0d:da:06:d3:a1,3+AC0-5 release 83+AF8-03+AF8-69,
Allied Telesis Holdings K.K.,iMG616BD,iMG616E,,00:0d:da:06:d3:ad,3+AC0-5 release 83+AF8-03+AF8-69,
Allied Telesis Holdings K.K.,iMG616BD,iMG616E,,00:0d:da:06:d3:b7,3+AC0-5 release 83+AF8-03+AF8-69,
Allied Telesis Holdings K.K.,iMG616BD,iMG616E,,00:0d:da:06:d3:d5,3+AC0-5 release 83+AF8-03+AF8-69,
Allied Telesis Holdings K.K.,iMG616BD,iMG616E,,00:0d:da:06:d3:d6,3+AC0-5 release 83+AF8-03+AF8-69,
Allied Telesis Holdings K.K.,iMG616BD,iMG616E,,00:0d:da:06:d3:e4,3+AC0-5 release 83+AF8-03+AF8-69,
Allied Telesis Holdings K.K.,iMG616BD,iMG616E,,00:0d:da:06:d4:12,3+AC0-5 release 83+AF8-03+AF8-69,
Allied Telesis Holdings K.K.,iMG616BD,iMG616E,,00:0d:da:06:d4:16,3+AC0-5 release 83+AF8-03+AF8-69,
Allied Telesis Holdings K.K.,iMG616BD,iMG616E,,00:0d:da:06:d4:66,3+AC0-5 release 83+AF8-03+AF8-69,
Allied Telesis Holdings K.K.,iMG616BD,iMG616E,,00:0d:da:06:d4:6a,3+AC0-5 release 83+AF8-03+AF8-69,
Allied Telesis Holdings K.K.,iMG616BD,iMG616E,,00:0d:da:06:d4:70,3+AC0-5 release 83+AF8-03+AF8-69,
Allied Telesis Holdings K.K.,iMG616BD,iMG616E,,00:0d:da:06:d4:74,3+AC0-5 release 83+AF8-03+AF8-69,
Allied Telesis Holdings K.K.,iMG616BD,iMG616E,,00:0d:da:06:d4:75,3+AC0-5 release 83+AF8-03+AF8-69,
Allied Telesis Holdings K.K.,iMG616BD,iMG616E,,00:0d:da:06:d4:78,3+AC0-5 release 83+AF8-03+AF8-69,
Allied Telesis Holdings K.K.,iMG616BD,iMG616E,,00:0d:da:06:d4:79,3+AC0-5 release 83+AF8-03+AF8-69,
Allied Telesis Holdings K.K.,iMG616BD,iMG616E,,00:0d:da:06:d4:7a,3+AC0-5 release 83+AF8-03+AF8-69,
Allied Telesis Holdings K.K.,iMG616BD,iMG616E,,00:0d:da:06:d4:7e,3+AC0-5 release 83+AF8-03+AF8-69,
Allied Telesis Holdings K.K.,iMG616BD,iMG616E,,00:0d:da:06:d4:80,3+AC0-5 release 83+AF8-03+AF8-69,
Allied Telesis Holdings K.K.,iMG616BD,iMG616E,,00:0d:da:06:d4:89,3+AC0-5 release 83+AF8-03+AF8-69,
Allied Telesis Holdings K.K.,iMG616BD,iMG616E,,00:0d:da:06:d4:8a,3+AC0-5 release 83+AF8-03+AF8-69,
Allied Telesis Holdings K.K.,iMG634A,iMG634A+AC0-MAIN,,00:0d:da:07:81:be,3+AC0-5 release 83+AF8-03+AF8-51,
Allied Telesis Holdings K.K.,iMG634A,iMG634A+AC0-MAIN,,00:0d:da:07:81:be,3+AC0-5 release 83+AF8-03+AF8-51,
Allied Telesis Holdings K.K.,iMG634A,iMG634A+AC0-MAIN,,00:0d:da:07:83:67,3+AC0-5 release 83+AF8-03+AF8-51,
Allied Telesis Holdings K.K.,iMG634A,iMG634A+AC0-MAIN,,00:0d:da:07:87:13,3+AC0-5 release 83+AF8-03+AF8-51,
Allied Telesis Holdings K.K.,iMG634A,iMG634A+AC0-MAIN,,00:0d:da:07:87:13,3+AC0-5 release 83+AF8-03+AF8-51,
Allied Telesis Holdings K.K.,iMG634A,iMG634A+AC0-MAIN,,00:0d:da:07:87:53,3+AC0-5 release 83+AF8-03+AF8-51,
Allied Telesis Holdings K.K.,iMG634A,iMG634A+AC0-MAIN,,00:0d:da:07:87:53,3+AC0-5 release 83+AF8-03+AF8-51,
Allied Telesis Holdings K.K.,iMG634A,iMG634A+AC0-MAIN,,00:0d:da:07:87:af,3+AC0-5 release 83+AF8-03+AF8-51,
Allied Telesis Holdings K.K.,iMG634A,iMG634A+AC0-MAIN,,00:0d:da:07:8a:c9,3+AC0-5 release 83+AF8-03+AF8-51,
Allied Telesis Holdings K.K.,iMG634A,iMG634A+AC0-MAIN,,00:0d:da:07:8a:c9,3+AC0-5 release 83+AF8-03+AF8-51,
Allied Telesis Holdings K.K.,iMG634A,iMG634A+AC0-MAIN,,00:0d:da:07:8d:90,3+AC0-5 release 83+AF8-03+AF8-51,
Allied Telesis Holdings K.K.,iMG634A,iMG634A+AC0-MAIN,,00:0d:da:07:8d:bb,3+AC0-5 release 83+AF8-03+AF8-51,
Allied Telesis Holdings K.K.,iMG634A,iMG634A+AC0-MAIN,,00:0d:da:07:8d:fd,3+AC0-5 release 83+AF8-03+AF8-51,
Allied Telesis Holdings K.K.,iMG634A,iMG634A+AC0-MAIN,,00:0d:da:07:8e:49,3+AC0-5 release 83+AF8-03+AF8-51,
Allied Telesis Holdings K.K.,iMG634A,iMG634A+AC0-MAIN,,00:0d:da:07:8e:49,3+AC0-5 release 83+AF8-03+AF8-51,
Allied Telesis Holdings K.K.,iMG634A,iMG634A+AC0-MAIN,,00:0d:da:07:8e:e2,3+AC0-5 release 83+AF8-03+AF8-51,
Allied Telesis Holdings K.K.,iMG634A,iMG634A+AC0-MAIN,,00:0d:da:07:8e:e2,3+AC0-5 release 83+AF8-03+AF8-51,
Allied Telesis Holdings K.K.,iMG634A,iMG634A+AC0-MAIN,,00:0d:da:07:8f:2f,3+AC0-5 release 83+AF8-03+AF8-51,
Allied Telesis Holdings K.K.,iMG634A,iMG634A+AC0-MAIN,,00:0d:da:07:8f:2f,3+AC0-5 release 83+AF8-03+AF8-51,
Allied Telesis Holdings K.K.,iMG634A,iMG634A+AC0-MAIN,,00:0d:da:07:8f:ad,3+AC0-5 release 83+AF8-03+AF8-51,
Allied Telesis Holdings K.K.,iMG634A,iMG634A+AC0-MAIN,,00:0d:da:07:8f:ad,3+AC0-5 release 83+AF8-03+AF8-51,
Allied Telesis Holdings K.K.,iMG634A,iMG634A+AC0-MAIN,,00:0d:da:07:90:8e,3+AC0-5 release 83+AF8-03+AF8-51,
Allied Telesis Holdings K.K.,iMG634A,iMG634A+AC0-MAIN,,00:0d:da:07:90:8e,3+AC0-5 release 83+AF8-03+AF8-51,
Allied Telesis Holdings K.K.,iMG634A,iMG634A+AC0-MAIN,,00:0d:da:07:90:e4,3+AC0-5 release 83+AF8-03+AF8-51,
Allied Telesis Holdings K.K.,iMG634A,iMG634A+AC0-MAIN,,00:0d:da:07:91:75,3+AC0-5 release 83+AF8-03+AF8-51,
Allied Telesis Holdings K.K.,iMG634A,iMG634A+AC0-MAIN,,00:0d:da:07:91:ee,3+AC0-5 release 83+AF8-03+AF8-51,
Allied Telesis Holdings K.K.,iMG634A,iMG634A+AC0-MAIN,,00:0d:da:07:91:ee,3+AC0-5 release 83+AF8-03+AF8-51,
Allied Telesis Holdings K.K.,iMG634A,iMG634A+AC0-MAIN,,00:0d:da:07:92:7c,3+AC0-5 release 83+AF8-03+AF8-51,
Allied Telesis Holdings K.K.,iMG634A,iMG634A+AC0-MAIN,,00:0d:da:07:93:57,3+AC0-5 release 83+AF8-03+AF8-51,
Allied Telesis Holdings K.K.,iMG634A,iMG634A+AC0-MAIN,,00:0d:da:07:93:57,3+AC0-5 release 83+AF8-03+AF8-51,
Allied Telesis Holdings K.K.,iMG634A,iMG634A+AC0-MAIN,,00:0d:da:07:93:57,3+AC0-5 release 83+AF8-03+AF8-51,
Allied Telesis Holdings K.K.,iMG634A,iMG634A+AC0-MAIN,,00:0d:da:07:93:f8,3+AC0-5 release 83+AF8-03+AF8-51,
Allied Telesis Holdings K.K.,iMG634A,iMG634A+AC0-MAIN,,00:0d:da:07:93:f8,3+AC0-5 release 83+AF8-03+AF8-51,
Allied Telesis Holdings K.K.,iMG634A,iMG634A+AC0-MAIN,,00:0d:da:07:94:39,3+AC0-5 release 83+AF8-03+AF8-51,
Allied Telesis Holdings K.K.,iMG634A,iMG634A+AC0-MAIN,,00:0d:da:07:94:5a,3+AC0-5 release 83+AF8-03+AF8-51,
Allied Telesis Holdings K.K.,iMG634A,iMG634A+AC0-MAIN,,00:0d:da:07:94:5a,3+AC0-5 release 83+AF8-03+AF8-51,
Allied Telesis Holdings K.K.,iMG634A,iMG634A+AC0-MAIN,,00:0d:da:07:94:9e,3+AC0-5 release 83+AF8-03+AF8-51,
Allied Telesis Holdings K.K.,iMG634A,iMG634A+AC0-MAIN,,00:0d:da:07:94:d9,3+AC0-5 release 83+AF8-03+AF8-51,
Allied Telesis Holdings K.K.,iMG634A,iMG634A+AC0-MAIN,,00:0d:da:07:95:5f,3+AC0-5 release 83+AF8-03+AF8-51,
Allied Telesis Holdings K.K.,iMG634A,iMG634A+AC0-MAIN,,00:0d:da:07:95:5f,3+AC0-5 release 83+AF8-03+AF8-51,
Allied Telesis Holdings K.K.,iMG634A,iMG634A+AC0-MAIN,,00:0d:da:07:95:6d,3+AC0-5 release 83+AF8-03+AF8-51,
Allied Telesis Holdings K.K.,iMG634A,iMG634A+AC0-MAIN,,00:0d:da:07:95:84,3+AC0-5 release 83+AF8-03+AF8-51,
Allied Telesis Holdings K.K.,iMG634A,iMG634A+AC0-MAIN,,00:0d:da:07:96:1c,3+AC0-5 release 83+AF8-03+AF8-51,
Allied Telesis Holdings K.K.,iMG634A,iMG634A+AC0-MAIN,,00:0d:da:07:96:1c,3+AC0-5 release 83+AF8-03+AF8-51,
Allied Telesis Holdings K.K.,iMG634A,iMG634A+AC0-MAIN,,00:0d:da:07:97:52,3+AC0-5 release 83+AF8-03+AF8-51,
Allied Telesis Holdings K.K.,iMG634A,iMG634A+AC0-MAIN,,00:0d:da:07:97:98,3+AC0-5 release 83+AF8-03+AF8-51,
Allied Telesis Holdings K.K.,iMG634A,iMG634A+AC0-MAIN,,00:0d:da:07:97:98,3+AC0-5 release 83+AF8-03+AF8-51,
Allied Telesis Holdings K.K.,iMG634A,iMG634A+AC0-MAIN,,00:0d:da:07:98:66,3+AC0-5 release 83+AF8-03+AF8-51,
Allied Telesis Holdings K.K.,iMG634A,iMG634A+AC0-MAIN,,00:0d:da:07:99:73,3+AC0-5 release 83+AF8-03+AF8-51,
Allied Telesis Holdings K.K.,iMG634A,iMG634A+AC0-MAIN,,00:0d:da:07:99:73,3+AC0-5 release 83+AF8-03+AF8-51,
Allied Telesis Holdings K.K.,iMG634A,iMG634A+AC0-MAIN,,00:0d:da:07:99:be,3+AC0-5 release 83+AF8-03+AF8-51,
Allied Telesis Holdings K.K.,iMG634A,iMG634A+AC0-MAIN,,00:0d:da:07:9a:16,3+AC0-5 release 83+AF8-03+AF8-51,
Allied Telesis Holdings K.K.,iMG634A,iMG634A+AC0-MAIN,,00:0d:da:07:9a:5c,3+AC0-5 release 83+AF8-03+AF8-51,
Allied Telesis Holdings K.K.,iMG634A,iMG634A+AC0-MAIN,,00:0d:da:07:9b:1d,3+AC0-5 release 83+AF8-03+AF8-51,
Allied Telesis Holdings K.K.,iMG634A,iMG634A+AC0-MAIN,,00:0d:da:07:9b:33,3+AC0-5 release 83+AF8-03+AF8-51,
Allied Telesis Holdings K.K.,iMG634A,iMG634A+AC0-MAIN,,00:0d:da:07:9b:33,3+AC0-5 release 83+AF8-03+AF8-51,
Allied Telesis Holdings K.K.,iMG634A,iMG634A+AC0-MAIN,,00:0d:da:07:9b:ab,3+AC0-5 release 83+AF8-03+AF8-51,
Allied Telesis Holdings K.K.,iMG634A,iMG634A+AC0-MAIN,,00:0d:da:07:9b:e7,3+AC0-5 release 83+AF8-03+AF8-51,
Allied Telesis Holdings K.K.,iMG634A,iMG634A+AC0-MAIN,,00:0d:da:07:9b:e7,3+AC0-5 release 83+AF8-03+AF8-51,
Allied Telesis Holdings K.K.,iMG634A,iMG634A+AC0-MAIN,,00:0d:da:07:9c:0b,3+AC0-5 release 83+AF8-03+AF8-51,
Allied Telesis Holdings K.K.,iMG634A,iMG634A+AC0-MAIN,,00:0d:da:07:9d:1f,3+AC0-5 release 83+AF8-03+AF8-51,
Allied Telesis Holdings K.K.,iMG634A,iMG634A+AC0-MAIN,,00:0d:da:07:9d:2c,3+AC0-5 release 83+AF8-03+AF8-51,
Allied Telesis Holdings K.K.,iMG634A,iMG634A+AC0-MAIN,,00:0d:da:07:9d:2c,3+AC0-5 release 83+AF8-03+AF8-51,
Allied Telesis Holdings K.K.,iMG634A,iMG634A+AC0-MAIN,,00:0d:da:07:9d:7f,3+AC0-5 release 83+AF8-03+AF8-51,
Allied Telesis Holdings K.K.,iMG634A,iMG634A+AC0-MAIN,,00:0d:da:07:9d:7f,3+AC0-5 release 83+AF8-03+AF8-51,
Allied Telesis Holdings K.K.,iMG634A,iMG634A+AC0-MAIN,,00:0d:da:07:9d:8c,3+AC0-5 release 83+AF8-03+AF8-51,
Allied Telesis Holdings K.K.,iMG634A,iMG634A+AC0-MAIN,,00:0d:da:07:9d:8c,3+AC0-5 release 83+AF8-03+AF8-51,
Allied Telesis Holdings K.K.,iMG634A,iMG634A+AC0-MAIN,,00:0d:da:07:9d:d7,3+AC0-5 release 83+AF8-03+AF8-51,
Allied Telesis Holdings K.K.,iMG634A,iMG634A+AC0-MAIN,,00:0d:da:07:9d:d7,3+AC0-5 release 83+AF8-03+AF8-51,
Allied Telesis Holdings K.K.,iMG634A,iMG634A+AC0-MAIN,,00:0d:da:07:9e:ce,3+AC0-5 release 83+AF8-03+AF8-51,
Allied Telesis Holdings K.K.,iMG634A,iMG634A+AC0-MAIN,,00:0d:da:07:9e:ce,3+AC0-5 release 83+AF8-03+AF8-51,
Allied Telesis Holdings K.K.,iMG634A,iMG634A+AC0-MAIN,,00:0d:da:07:9f:44,3+AC0-5 release 83+AF8-03+AF8-51,
Allied Telesis Holdings K.K.,iMG634A,iMG634A+AC0-MAIN,,00:0d:da:07:a0:41,3+AC0-5 release 83+AF8-03+AF8-51,
Allied Telesis Holdings K.K.,iMG634A,iMG634A+AC0-MAIN,,00:0d:da:07:a0:52,3+AC0-5 release 83+AF8-03+AF8-51,
Allied Telesis Holdings K.K.,iMG634A,iMG634A+AC0-MAIN,,00:0d:da:07:a1:d6,3+AC0-5 release 83+AF8-03+AF8-51,
Allied Telesis Holdings K.K.,iMG634A,iMG634A+AC0-MAIN,,00:0d:da:07:a1:d6,3+AC0-5 release 83+AF8-03+AF8-51,
Allied Telesis Holdings K.K.,iMG634A,iMG634A+AC0-MAIN,,00:0d:da:07:a2:b5,3+AC0-5 release 83+AF8-03+AF8-51,
Allied Telesis Holdings K.K.,iMG634A,iMG634A+AC0-MAIN,,00:0d:da:07:a4:03,3+AC0-5 release 83+AF8-03+AF8-51,
Allied Telesis Holdings K.K.,iBG910A,iBG910A+AC0-main,,00:0d:da:08:72:d3,,
Allied Telesis Holdings K.K.,iBG910A,iBG910A+AC0-main,,00:0d:da:08:74:91,,
Allied Telesis Holdings K.K.,iMG634A,iMG634A+AC0-MAIN,,00:0d:da:08:cb:6f,3+AC0-5 release 83+AF8-03+AF8-51,
Allied Telesis Holdings K.K.,iMG634A,iMG634A+AC0-MAIN,,00:0d:da:08:cc:3a,3+AC0-5 release 83+AF8-03+AF8-51,
Allied Telesis Holdings K.K.,iMG634A,iMG634A+AC0-MAIN,,00:0d:da:08:cc:3a,3+AC0-5 release 83+AF8-03+AF8-51,
Allied Telesis Holdings K.K.,iMG634A,iMG634A+AC0-MAIN,,00:0d:da:08:cc:5b,3+AC0-5 release 83+AF8-03+AF8-51,
Allied Telesis Holdings K.K.,iMG634A,iMG634A+AC0-MAIN,,00:0d:da:08:cc:5b,3+AC0-5 release 83+AF8-03+AF8-51,
Allied Telesis Holdings K.K.,iMG634A,iMG634A+AC0-MAIN,,00:0d:da:08:cc:b2,3+AC0-5 release 83+AF8-03+AF8-51,
Allied Telesis Holdings K.K.,iMG634A,iMG634A+AC0-MAIN,,00:0d:da:08:cc:b2,3+AC0-5 release 83+AF8-03+AF8-51,
Allied Telesis Holdings K.K.,iMG634A,iMG634A+AC0-MAIN,,00:0d:da:08:cd:d6,3+AC0-5 release 83+AF8-03+AF8-51,
Allied Telesis Holdings K.K.,iMG634A,iMG634A+AC0-MAIN,,00:0d:da:08:cd:fc,3+AC0-5 release 83+AF8-03+AF8-51,
Allied Telesis Holdings K.K.,iMG634A,iMG634A+AC0-MAIN,,00:0d:da:08:cd:fc,3+AC0-5 release 83+AF8-03+AF8-51,
Allied Telesis Holdings K.K.,iMG634A,iMG634A+AC0-MAIN,,00:0d:da:08:ce:a5,3+AC0-5 release 83+AF8-03+AF8-51,
Allied Telesis Holdings K.K.,iMG634A,iMG634A+AC0-MAIN,,00:0d:da:08:ce:a5,3+AC0-5 release 83+AF8-03+AF8-51,
Allied Telesis Holdings K.K.,iMG634A,iMG634A+AC0-MAIN,,00:0d:da:08:cf:80,3+AC0-5 release 83+AF8-03+AF8-51,
Allied Telesis Holdings K.K.,iMG634A,iMG634A+AC0-MAIN,,00:0d:da:08:cf:e6,3+AC0-5 release 83+AF8-03+AF8-51,
Allied Telesis Holdings K.K.,iMG634A,iMG634A+AC0-MAIN,,00:0d:da:08:d1:9c,3+AC0-5 release 83+AF8-03+AF8-51,
Allied Telesis Holdings K.K.,iMG634A,iMG634A+AC0-MAIN,,00:0d:da:08:d1:9c,3+AC0-5 release 83+AF8-03+AF8-51,
Allied Telesis Holdings K.K.,iMG634A,iMG634A+AC0-MAIN,,00:0d:da:08:d2:19,3+AC0-5 release 83+AF8-03+AF8-51,
Allied Telesis Holdings K.K.,iMG634A,iMG634A+AC0-MAIN,,00:0d:da:08:d2:65,3+AC0-5 release 83+AF8-03+AF8-51,
Allied Telesis Holdings K.K.,iMG634A,iMG634A+AC0-MAIN,,00:0d:da:08:d2:a7,3+AC0-5 release 83+AF8-03+AF8-51,
Allied Telesis Holdings K.K.,iMG634A,iMG634A+AC0-MAIN,,00:0d:da:08:d9:e0,3+AC0-5 release 83,
Allied Telesis Holdings K.K.,iMG634A,iMG634A+AC0-MAIN,,00:0d:da:08:db:cb,3+AC0-5 release 83,
Allied Telesis Holdings K.K.,iMG634A,iMG634A+AC0-MAIN,,00:0d:da:08:df:fb,3+AC0-5 release 83,
Allied Telesis Holdings K.K.,iMG634A,iMG634A+AC0-MAIN,,00:0d:da:08:e0:b6,3+AC0-5 release 83,
Allied Telesis Holdings K.K.,iMG634A,iMG634A+AC0-MAIN,,00:0d:da:08:e1:78,3+AC0-5 release 83+AF8-03+AF8-51,
Allied Telesis Holdings K.K.,iMG634A,iMG634A+AC0-MAIN,,00:0d:da:08:e1:78,3+AC0-5 release 83+AF8-03+AF8-51,
Allied Telesis Holdings K.K.,iMG634A,iMG634A+AC0-MAIN,,00:0d:da:08:e1:dc,3+AC0-5 release 83,
Allied Telesis Holdings K.K.,iMG634A,iMG634A+AC0-MAIN,,00:0d:da:08:e8:d6,3+AC0-5 release 83+AF8-03+AF8-51,
Allied Telesis Holdings K.K.,iMG634A,iMG634A+AC0-MAIN,,00:0d:da:08:e9:7a,3+AC0-5 release 83+AF8-03+AF8-51,
Allied Telesis Holdings K.K.,iMG634A,iMG634A+AC0-MAIN,,00:0d:da:08:e9:7a,3+AC0-5 release 83+AF8-03+AF8-51,
Allied Telesis Holdings K.K.,iMG634A,iMG634A+AC0-MAIN,,00:0d:da:08:e9:d3,3+AC0-5 release 83+AF8-03+AF8-51,
Allied Telesis Holdings K.K.,iMG634A,iMG634A+AC0-MAIN,,00:0d:da:08:e9:f2,3+AC0-5 release 83+AF8-03+AF8-51,
Allied Telesis Holdings K.K.,iMG634A,iMG634A+AC0-MAIN,,00:0d:da:08:e9:f2,3+AC0-5 release 83+AF8-03+AF8-51,
Allied Telesis Holdings K.K.,iMG634A,iMG634A+AC0-MAIN,,00:0d:da:08:ea:0a,3+AC0-5 release 83+AF8-03+AF8-51,
Allied Telesis Holdings K.K.,iMG634A,iMG634A+AC0-MAIN,,00:0d:da:08:ea:0a,3+AC0-5 release 83+AF8-03+AF8-51,
Allied Telesis Holdings K.K.,iMG634A,iMG634A+AC0-MAIN,,00:0d:da:08:ea:35,3+AC0-5 release 83+AF8-03+AF8-51,
Allied Telesis Holdings K.K.,iMG634A,iMG634A+AC0-MAIN,,00:0d:da:08:ea:35,3+AC0-5 release 83+AF8-03+AF8-51,
Allied Telesis Holdings K.K.,iMG634A,iMG634A+AC0-MAIN,,00:0d:da:08:ea:3a,3+AC0-5 release 83+AF8-03+AF8-51,
Allied Telesis Holdings K.K.,iMG634A,iMG634A+AC0-MAIN,,00:0d:da:08:ea:3a,3+AC0-5 release 83+AF8-03+AF8-51,
Allied Telesis Holdings K.K.,iMG634A,iMG634A+AC0-MAIN,,00:0d:da:08:ea:51,3+AC0-5 release 83+AF8-03+AF8-51,
Allied Telesis Holdings K.K.,iMG634A,iMG634A+AC0-MAIN,,00:0d:da:08:ea:81,3+AC0-5 release 83+AF8-03+AF8-51,
Allied Telesis Holdings K.K.,iMG634A,iMG634A+AC0-MAIN,,00:0d:da:08:ea:87,3+AC0-5 release 83+AF8-03+AF8-51,
Allied Telesis Holdings K.K.,iMG634A,iMG634A+AC0-MAIN,,00:0d:da:08:ea:87,3+AC0-5 release 83+AF8-03+AF8-51,
Allied Telesis Holdings K.K.,iMG634A,iMG634A+AC0-MAIN,,00:0d:da:08:ea:92,3+AC0-5 release 83+AF8-03+AF8-51,
Allied Telesis Holdings K.K.,iMG634A,iMG634A+AC0-MAIN,,00:0d:da:08:ea:c5,3+AC0-5 release 83+AF8-03+AF8-51,
Allied Telesis Holdings K.K.,iMG634A,iMG634A+AC0-MAIN,,00:0d:da:08:ea:c5,3+AC0-5 release 83+AF8-03+AF8-51,
Allied Telesis Holdings K.K.,iMG634A,iMG634A+AC0-MAIN,,00:0d:da:08:eb:27,3+AC0-5 release 83+AF8-03+AF8-51,
Allied Telesis Holdings K.K.,iMG634A,iMG634A+AC0-MAIN,,00:0d:da:08:eb:28,3+AC0-5 release 83+AF8-03+AF8-51,
Allied Telesis Holdings K.K.,iMG634A,iMG634A+AC0-MAIN,,00:0d:da:08:eb:28,3+AC0-5 release 83+AF8-03+AF8-51,
Allied Telesis Holdings K.K.,iMG634A,iMG634A+AC0-MAIN,,00:0d:da:08:eb:83,3+AC0-5 release 83+AF8-03+AF8-51,
Allied Telesis Holdings K.K.,iMG634A,iMG634A+AC0-MAIN,,00:0d:da:08:eb:83,3+AC0-5 release 83+AF8-03+AF8-51,
Allied Telesis Holdings K.K.,iMG634A,iMG634A+AC0-MAIN,,00:0d:da:08:eb:88,3+AC0-5 release 83+AF8-03+AF8-51,
Allied Telesis Holdings K.K.,iMG634A,iMG634A+AC0-MAIN,,00:0d:da:08:eb:b9,3+AC0-5 release 83+AF8-03+AF8-51,
Allied Telesis Holdings K.K.,iMG634A,iMG634A+AC0-MAIN,,00:0d:da:08:eb:d0,3+AC0-5 release 83+AF8-03+AF8-51,
Allied Telesis Holdings K.K.,iMG634A,iMG634A+AC0-MAIN,,00:0d:da:08:eb:d0,3+AC0-5 release 83+AF8-03+AF8-51,
Allied Telesis Holdings K.K.,iMG634A,iMG634A+AC0-MAIN,,00:0d:da:08:eb:f1,3+AC0-5 release 83+AF8-03+AF8-51,
Allied Telesis Holdings K.K.,iMG634A,iMG634A+AC0-MAIN,,00:0d:da:08:eb:f3,3+AC0-5 release 83+AF8-03+AF8-51,
Allied Telesis Holdings K.K.,iMG634A,iMG634A+AC0-MAIN,,00:0d:da:08:eb:f3,3+AC0-5 release 83+AF8-03+AF8-51,
Allied Telesis Holdings K.K.,iMG634A,iMG634A+AC0-MAIN,,00:0d:da:08:ec:5f,3+AC0-5 release 83+AF8-03+AF8-51,
Allied Telesis Holdings K.K.,iMG634A,iMG634A+AC0-MAIN,,00:0d:da:08:ec:5f,3+AC0-5 release 83+AF8-03+AF8-51,
Allied Telesis Holdings K.K.,iMG634A,iMG634A+AC0-MAIN,,00:0d:da:08:ec:6a,3+AC0-5 release 83+AF8-03+AF8-51,
Allied Telesis Holdings K.K.,iMG634A,iMG634A+AC0-MAIN,,00:0d:da:08:ec:6a,3+AC0-5 release 83+AF8-03+AF8-51,
Allied Telesis Holdings K.K.,iMG634A,iMG634A+AC0-MAIN,,00:0d:da:08:ec:97,3+AC0-5 release 83+AF8-03+AF8-51,
Allied Telesis Holdings K.K.,iMG634A,iMG634A+AC0-MAIN,,00:0d:da:08:ec:9b,3+AC0-5 release 83+AF8-03+AF8-51,
Allied Telesis Holdings K.K.,iMG634A,iMG634A+AC0-MAIN,,00:0d:da:08:ec:9b,3+AC0-5 release 83+AF8-03+AF8-51,
Allied Telesis Holdings K.K.,iMG634A,iMG634A+AC0-MAIN,,00:0d:da:08:ec:f4,3+AC0-5 release 83+AF8-03+AF8-51,
Allied Telesis Holdings K.K.,iMG634A,iMG634A+AC0-MAIN,,00:0d:da:08:ec:f4,3+AC0-5 release 83+AF8-03+AF8-51,
Allied Telesis Holdings K.K.,iMG634A,iMG634A+AC0-MAIN,,00:0d:da:08:ed:03,3+AC0-5 release 83+AF8-03+AF8-51,
Allied Telesis Holdings K.K.,iMG634A,iMG634A+AC0-MAIN,,00:0d:da:08:ed:03,3+AC0-5 release 83+AF8-03+AF8-51,
Allied Telesis Holdings K.K.,iMG634A,iMG634A+AC0-MAIN,,00:0d:da:08:ed:62,3+AC0-5 release 83+AF8-03+AF8-51,
Allied Telesis Holdings K.K.,iMG634A,iMG634A+AC0-MAIN,,00:0d:da:08:ed:62,3+AC0-5 release 83+AF8-03+AF8-51,
Allied Telesis Holdings K.K.,iMG634A,iMG634A+AC0-MAIN,,00:0d:da:08:ed:ac,3+AC0-5 release 83+AF8-03+AF8-51,
Allied Telesis Holdings K.K.,iMG634A,iMG634A+AC0-MAIN,,00:0d:da:08:ed:ac,3+AC0-5 release 83+AF8-03+AF8-51,
Allied Telesis Holdings K.K.,iMG634A,iMG634A+AC0-MAIN,,00:0d:da:08:ed:be,3+AC0-5 release 83+AF8-03+AF8-51,
Allied Telesis Holdings K.K.,iMG634A,iMG634A+AC0-MAIN,,00:0d:da:08:ed:be,3+AC0-5 release 83+AF8-03+AF8-51,
Allied Telesis Holdings K.K.,iMG634A,iMG634A+AC0-MAIN,,00:0d:da:08:ee:a1,3+AC0-5 release 83+AF8-03+AF8-51,
Allied Telesis Holdings K.K.,iMG634A,iMG634A+AC0-MAIN,,00:0d:da:08:ef:83,3+AC0-5 release 83+AF8-03+AF8-51,
Allied Telesis Holdings K.K.,iMG634A,iMG634A+AC0-MAIN,,00:0d:da:08:ef:83,3+AC0-5 release 83+AF8-03+AF8-51,
Allied Telesis Holdings K.K.,iMG634A,iMG634A+AC0-MAIN,,00:0d:da:08:ef:86,3+AC0-5 release 83+AF8-03+AF8-51,
Allied Telesis Holdings K.K.,iMG634A,iMG634A+AC0-MAIN,,00:0d:da:08:ef:86,3+AC0-5 release 83+AF8-03+AF8-51,
Allied Telesis Holdings K.K.,iMG634A,iMG634A+AC0-MAIN,,00:0d:da:08:f0:22,3+AC0-5 release 83+AF8-03+AF8-51,
Allied Telesis Holdings K.K.,iMG634A,iMG634A+AC0-MAIN,,00:0d:da:08:f0:74,3+AC0-5 release 83+AF8-03+AF8-51,
Allied Telesis Holdings K.K.,iMG634A,iMG634A+AC0-MAIN,,00:0d:da:08:f0:74,3+AC0-5 release 83+AF8-03+AF8-51,
Allied Telesis Holdings K.K.,iMG634A,iMG634A+AC0-MAIN,,00:0d:da:08:f0:c3,3+AC0-5 release 83+AF8-03+AF8-51,
Allied Telesis Holdings K.K.,iMG634A,iMG634A+AC0-MAIN,,00:0d:da:08:f0:c8,3+AC0-5 release 83+AF8-03+AF8-51,
Allied Telesis Holdings K.K.,iMG634A,iMG634A+AC0-MAIN,,00:0d:da:08:f1:32,3+AC0-5 release 83+AF8-03+AF8-51,
Allied Telesis Holdings K.K.,iMG634A,iMG634A+AC0-MAIN,,00:0d:da:08:f1:32,3+AC0-5 release 83+AF8-03+AF8-51,
Allied Telesis Holdings K.K.,iMG634A,iMG634A+AC0-MAIN,,00:0d:da:08:f1:6b,3+AC0-5 release 83+AF8-03+AF8-51,
Allied Telesis Holdings K.K.,iMG634A,iMG634A+AC0-MAIN,,00:0d:da:08:f1:98,3+AC0-5 release 83+AF8-03+AF8-51,
Allied Telesis Holdings K.K.,iMG634A,iMG634A+AC0-MAIN,,00:0d:da:08:f1:98,3+AC0-5 release 83+AF8-03+AF8-51,
Allied Telesis Holdings K.K.,iMG634A,iMG634A+AC0-MAIN,,00:0d:da:08:f2:10,3+AC0-5 release 83+AF8-03+AF8-51,
Allied Telesis Holdings K.K.,iMG634A,iMG634A+AC0-MAIN,,00:0d:da:08:f2:10,3+AC0-5 release 83+AF8-03+AF8-51,
Allied Telesis Holdings K.K.,iMG634A,iMG634A+AC0-MAIN,,00:0d:da:08:f2:4c,3+AC0-5 release 83+AF8-03+AF8-51,
Allied Telesis Holdings K.K.,iMG634A,iMG634A+AC0-MAIN,,00:0d:da:08:f2:57,3+AC0-5 release 83+AF8-03+AF8-51,
Allied Telesis Holdings K.K.,iMG634A,iMG634A+AC0-MAIN,,00:0d:da:08:f2:b7,3+AC0-5 release 83+AF8-03+AF8-51,
Allied Telesis Holdings K.K.,iMG634A,iMG634A+AC0-MAIN,,00:0d:da:08:f2:b7,3+AC0-5 release 83+AF8-03+AF8-51,
Allied Telesis Holdings K.K.,iMG634A,iMG634A+AC0-MAIN,,00:0d:da:08:f9:7d,3+AC0-5 release 83,
Allied Telesis Holdings K.K.,iMG634B,iMG634B+AC0-MAIN,,00:0d:da:09:d1:28,3+AC0-5 release 83+AF8-03+AF8-103+AF8-21+AF8-01,
Allied Telesis Holdings K.K.,iMG634B,iMG634B+AC0-MAIN,,00:0d:da:09:d3:18,3+AC0-5 release 83+AF8-03+AF8-103+AF8-21+AF8-01,
Allied Telesis Holdings K.K.,iMG616BD,iMG616E,,00:0d:da:09:fd:a6,3+AC0-5 release 83+AF8-03+AF8-69,
Allied Telesis Holdings K.K.,iMG616BD,iMG616E,,00:0d:da:09:fd:aa,3+AC0-5 release 83+AF8-03+AF8-69,
Allied Telesis Holdings K.K.,iMG616BD,iMG616E,,00:0d:da:09:fd:ab,3+AC0-5 release 83+AF8-03+AF8-69,
Allied Telesis Holdings K.K.,iMG616BD,iMG616E,,00:0d:da:09:fd:ac,3+AC0-5 release 83+AF8-03+AF8-69,
Allied Telesis Holdings K.K.,iMG616BD,iMG616E,,00:0d:da:09:fd:b3,3+AC0-5 release 83+AF8-03+AF8-69,
Allied Telesis Holdings K.K.,iMG616BD,iMG616E,,00:0d:da:09:fd:be,3+AC0-5 release 83+AF8-03+AF8-69,
Allied Telesis Holdings K.K.,iMG616BD,iMG616E,,00:0d:da:09:fd:c7,3+AC0-5 release 83+AF8-03+AF8-69,
Allied Telesis Holdings K.K.,iMG616BD,iMG616E,,00:0d:da:09:fd:ca,3+AC0-5 release 83+AF8-03+AF8-69,
Allied Telesis Holdings K.K.,iMG616BD,iMG616E,,00:0d:da:09:fe:7f,3+AC0-5 release 83+AF8-03+AF8-69,
Allied Telesis Holdings K.K.,iMG616BD,iMG616E,,00:0d:da:09:fe:80,3+AC0-5 release 83+AF8-03+AF8-69,
Allied Telesis Holdings K.K.,iMG616BD,iMG616E,,00:0d:da:09:fe:81,3+AC0-5 release 83+AF8-03+AF8-69,
Allied Telesis Holdings K.K.,iMG616BD,iMG616E,,00:0d:da:09:fe:83,3+AC0-5 release 83+AF8-03+AF8-69,
Allied Telesis Holdings K.K.,iMG616BD,iMG616E,,00:0d:da:09:fe:84,3+AC0-5 release 83+AF8-03+AF8-69,
Allied Telesis Holdings K.K.,iMG616BD,iMG616E,,00:0d:da:09:fe:8a,3+AC0-5 release 83+AF8-03+AF8-69,
Allied Telesis Holdings K.K.,iMG616BD,iMG616E,,00:0d:da:09:fe:8c,3+AC0-5 release 83+AF8-03+AF8-69,
Allied Telesis Holdings K.K.,iMG616BD,iMG616E,,00:0d:da:09:fe:8f,3+AC0-5 release 83+AF8-03+AF8-69,
Allied Telesis Holdings K.K.,iMG616BD,iMG616E,,00:0d:da:09:fe:94,3+AC0-5 release 83+AF8-03+AF8-69,
Allied Telesis Holdings K.K.,iMG616BD,iMG616E,,00:0d:da:09:fe:96,3+AC0-5 release 83+AF8-03+AF8-69,
Allied Telesis Holdings K.K.,iMG616BD,iMG616E,,00:0d:da:09:fe:9b,3+AC0-5 release 83+AF8-03+AF8-69,
Allied Telesis Holdings K.K.,iMG616BD,iMG616E,,00:0d:da:09:fe:b7,3+AC0-5 release 83+AF8-03+AF8-69,
Allied Telesis Holdings K.K.,iMG616BD,iMG616E,,00:0d:da:09:ff:27,3+AC0-5 release 83+AF8-03+AF8-69,
Allied Telesis Holdings K.K.,iMG616BD,iMG616E,,00:0d:da:09:ff:2f,3+AC0-5 release 83+AF8-03+AF8-69,
Allied Telesis Holdings K.K.,iMG616BD,iMG616E,,00:0d:da:09:ff:36,3+AC0-5 release 83+AF8-03+AF8-69,
Allied Telesis Holdings K.K.,iMG616BD,iMG616E,,00:0d:da:09:ff:37,3+AC0-5 release 83+AF8-03+AF8-69,
Allied Telesis Holdings K.K.,iMG616BD,iMG616E,,00:0d:da:09:ff:39,3+AC0-5 release 83+AF8-03+AF8-69,
Allied Telesis Holdings K.K.,iMG616BD,iMG616E,,00:0d:da:09:ff:3a,3+AC0-5 release 83+AF8-03+AF8-69,
Allied Telesis Holdings K.K.,iMG616BD,iMG616E,,00:0d:da:09:ff:44,3+AC0-5 release 83+AF8-03+AF8-69,
Allied Telesis Holdings K.K.,iMG616BD,iMG616E,,00:0d:da:09:ff:47,3+AC0-5 release 83+AF8-03+AF8-69,
Allied Telesis Holdings K.K.,iMG616BD,iMG616E,,00:0d:da:09:ff:4a,3+AC0-5 release 83+AF8-03+AF8-69,
Allied Telesis Holdings K.K.,iMG616BD,iMG616E,,00:0d:da:09:ff:4c,3+AC0-5 release 83+AF8-03+AF8-69,
Allied Telesis Holdings K.K.,iMG616BD,iMG616E,,00:0d:da:09:ff:50,3+AC0-5 release 83+AF8-03+AF8-69,
Allied Telesis Holdings K.K.,iMG616BD,iMG616E,,00:0d:da:09:ff:52,3+AC0-5 release 83+AF8-03+AF8-69,
Allied Telesis Holdings K.K.,iMG616BD,iMG616E,,00:0d:da:09:ff:69,3+AC0-5 release 83+AF8-03+AF8-69,
Allied Telesis Holdings K.K.,iMG616BD,iMG616E,,00:0d:da:09:ff:6a,3+AC0-5 release 83+AF8-03+AF8-69,
Allied Telesis Holdings K.K.,iMG616BD,iMG616E,,00:0d:da:09:ff:6e,3+AC0-5 release 83+AF8-03+AF8-69,
Allied Telesis Holdings K.K.,iMG616BD,iMG616E,,00:0d:da:09:ff:7a,3+AC0-5 release 83+AF8-03+AF8-69,
Allied Telesis Holdings K.K.,iMG616BD,iMG616E,,00:0d:da:0a:00:27,3+AC0-5 release 83+AF8-03+AF8-69,
Allied Telesis Holdings K.K.,iMG616BD,iMG616E,,00:0d:da:0a:00:29,3+AC0-5 release 83+AF8-03+AF8-69,
Allied Telesis Holdings K.K.,iMG616BD,iMG616E,,00:0d:da:0a:00:2a,3+AC0-5 release 83+AF8-03+AF8-69,
Allied Telesis Holdings K.K.,iMG616BD,iMG616E,,00:0d:da:0a:00:37,3+AC0-5 release 83+AF8-03+AF8-69,
Allied Telesis Holdings K.K.,iMG616BD,iMG616E,,00:0d:da:0a:00:49,3+AC0-5 release 83+AF8-03+AF8-69,
Allied Telesis Holdings K.K.,iMG616BD,iMG616E,,00:0d:da:0a:00:4a,3+AC0-5 release 83+AF8-03+AF8-69,
Allied Telesis Holdings K.K.,iMG616BD,iMG616E,,00:0d:da:0a:00:4c,3+AC0-5 release 83+AF8-03+AF8-69,
Allied Telesis Holdings K.K.,iMG616BD,iMG616E,,00:0d:da:0a:00:50,3+AC0-5 release 83+AF8-03+AF8-69,
Allied Telesis Holdings K.K.,iMG616BD,iMG616E,,00:0d:da:0a:00:57,3+AC0-5 release 83+AF8-03+AF8-69,
Allied Telesis Holdings K.K.,iMG616BD,iMG616E,,00:0d:da:0a:00:5d,3+AC0-5 release 83+AF8-03+AF8-69,
Allied Telesis Holdings K.K.,iMG616BD,iMG616E,,00:0d:da:0a:00:66,3+AC0-5 release 83+AF8-03+AF8-69,
Allied Telesis Holdings K.K.,iMG616BD,iMG616E,,00:0d:da:0a:00:69,3+AC0-5 release 83+AF8-03+AF8-69,
Allied Telesis Holdings K.K.,iMG616BD,iMG616E,,00:0d:da:0a:00:6a,3+AC0-5 release 83+AF8-03+AF8-69,
Allied Telesis Holdings K.K.,iMG616BD,iMG616E,,00:0d:da:0a:00:92,3+AC0-5 release 83+AF8-03+AF8-69,
Allied Telesis Holdings K.K.,iMG616BD,iMG616E,,00:0d:da:0a:00:95,3+AC0-5 release 83+AF8-03+AF8-69,
Allied Telesis Holdings K.K.,iMG616BD,iMG616E,,00:0d:da:0a:00:c3,3+AC0-5 release 83+AF8-03+AF8-69,
Allied Telesis Holdings K.K.,iMG616BD,iMG616E,,00:0d:da:0a:01:1a,3+AC0-5 release 83+AF8-03+AF8-69,
Allied Telesis Holdings K.K.,iMG616BD,iMG616E,,00:0d:da:0a:01:1c,3+AC0-5 release 83+AF8-03+AF8-69,
Allied Telesis Holdings K.K.,iMG616BD,iMG616E,,00:0d:da:0a:01:1d,3+AC0-5 release 83+AF8-03+AF8-69,
Allied Telesis Holdings K.K.,iMG616BD,iMG616E,,00:0d:da:0a:01:1e,3+AC0-5 release 83+AF8-03+AF8-69,
Allied Telesis Holdings K.K.,iMG616BD,iMG616E,,00:0d:da:0a:01:30,3+AC0-5 release 83+AF8-03+AF8-69,
Allied Telesis Holdings K.K.,iMG616BD,iMG616E,,00:0d:da:0a:01:34,3+AC0-5 release 83+AF8-03+AF8-69,
Allied Telesis Holdings K.K.,iMG616BD,iMG616E,,00:0d:da:0a:01:36,3+AC0-5 release 83+AF8-03+AF8-69,
Allied Telesis Holdings K.K.,iMG616BD,iMG616E,,00:0d:da:0a:01:38,3+AC0-5 release 83+AF8-03+AF8-69,
Allied Telesis Holdings K.K.,iMG616BD,iMG616E,,00:0d:da:0a:01:96,3+AC0-5 release 83+AF8-03+AF8-69,
Allied Telesis Holdings K.K.,iMG616BD,iMG616E,,00:0d:da:0a:03:6b,3+AC0-5 release 83+AF8-03+AF8-69,
Allied Telesis Holdings K.K.,iMG616BD,iMG616E,,00:0d:da:0a:15:7a,3+AC0-5 release 83+AF8-03+AF8-103,
Allied Telesis Holdings K.K.,iMG616BD,iMG616E,,00:0d:da:0a:15:90,3+AC0-5 release 83+AF8-03+AF8-103,
Allied Telesis Holdings K.K.,iMG616BD,iMG616E,,00:0d:da:0a:15:da,3+AC0-5 release 83+AF8-03+AF8-103,
Allied Telesis Holdings K.K.,iMG616BD,iMG616E,,00:0d:da:0a:16:6e,3+AC0-5 release 83+AF8-03+AF8-103,
Allied Telesis Holdings K.K.,iMG616BD,iMG616E,,00:0d:da:0a:16:7a,3+AC0-5 release 83+AF8-03+AF8-103,
Allied Telesis Holdings K.K.,iMG616BD,iMG616E,,00:0d:da:0a:17:13,3+AC0-5 release 83+AF8-03+AF8-103,
Allied Telesis Holdings K.K.,iMG616BD,iMG616E,,00:0d:da:0a:17:56,3+AC0-5 release 83+AF8-03+AF8-103,
Allied Telesis Holdings K.K.,iMG616BD,iMG616E,,00:0d:da:0a:17:7b,3+AC0-5 release 83+AF8-03+AF8-103,
Allied Telesis Holdings K.K.,iMG616BD,iMG616E,,00:0d:da:0a:17:8f,3+AC0-5 release 83+AF8-03+AF8-103,
Allied Telesis Holdings K.K.,iMG616BD,iMG616E,,00:0d:da:0a:1f:dd,3+AC0-5 release 83+AF8-03+AF8-103,
Allied Telesis Holdings K.K.,iMG616BD,iMG616E,,00:0d:da:0a:1f:f5,3+AC0-5 release 83+AF8-03+AF8-103,
Allied Telesis Holdings K.K.,iMG616BD,iMG616E,,00:0d:da:0a:21:11,3+AC0-5 release 83+AF8-03+AF8-103,
Allied Telesis Holdings K.K.,iMG616BD,iMG616E,,00:0d:da:0a:23:0a,3+AC0-5 release 83+AF8-03+AF8-103,
Allied Telesis Holdings K.K.,iMG646BD,RG6X6E,,00:0d:da:0a:e6:89,3+AC0-8+AC0-02 release 25,
Allied Telesis Holdings K.K.,iMG646BD,RG6X6E,,00:0d:da:0a:e6:e6,3+AC0-8+AC0-02 release 25,
Allied Telesis Holdings K.K.,iMG646BD,iMG600E,,00:0d:da:0a:e7:b8,2+AC0-5 release 55+AF8-10+AF8-12+AF8-05,
Allied Telesis K.K.,iMG646BD,iMG600E,,00:0d:da:0a:e9:44,2+AC0-4 release 58+AF8-02+AF8-03,
Allied Telesis Holdings K.K.,iMG616BD,iMG616E,,00:0d:da:0b:08:2d,3+AC0-5 release 83,
Allied Telesis Holdings K.K.,iMG616BD,iMG616E,,00:0d:da:0b:08:84,3+AC0-5 release 83+AF8-03+AF8-103,
Allied Telesis Holdings K.K.,iMG616LH,iMG616E,,00:0d:da:0b:0b:0b,3+AC0-5 release 83+AF8-03+AF8-51,
Allied Telesis Holdings K.K.,iMG616LH,iMG616E,,00:0d:da:0b:0b:10,3+AC0-5 release 83+AF8-03+AF8-51,
Allied Telesis Holdings K.K.,iMG616LH,iMG616E,,00:0d:da:0b:0b:2c,3+AC0-5 release 83+AF8-03+AF8-51,
Allied Telesis Holdings K.K.,iMG616LH,iMG616E,,00:0d:da:0b:0b:34,3+AC0-8 release 105,
Allied Telesis Holdings K.K.,iMG616LH,iMG616E,,00:0d:da:0b:0b:4e,3+AC0-5 release 83+AF8-03+AF8-51,
Allied Telesis Holdings K.K.,iMG616LH,iMG616E,,00:0d:da:0b:0b:4e,3+AC0-5 release 83+AF8-03+AF8-51,
Allied Telesis Holdings K.K.,iMG616LH,iMG616E,,00:0d:da:0b:0b:c1,3+AC0-5 release 83+AF8-03+AF8-51,
Allied Telesis Holdings K.K.,iMG616LH,iMG616E,,00:0d:da:0b:0b:da,3+AC0-5 release 83+AF8-03+AF8-51,
Allied Telesis Holdings K.K.,iMG616LH,iMG616E,,00:0d:da:0b:0c:06,3+AC0-5 release 83+AF8-03+AF8-51,
Allied Telesis Holdings K.K.,iMG616LH,iMG616E,,00:0d:da:0b:0c:74,3+AC0-5 release 83+AF8-03+AF8-51,
Allied Telesis Holdings K.K.,iMG616BD,iMG616E,,00:0d:da:0b:0f:11,3+AC0-5 release 83+AF8-03+AF8-113,
Allied Telesis Holdings K.K.,iMG616BD,iMG616E,,00:0d:da:0b:13:ef,3+AC0-8 release 105,
Allied Telesis Holdings K.K.,iMG616BD,iMG616E,,00:0d:da:0b:14:33,3+AC0-8 release 105,
Allied Telesis Holdings K.K.,iMG616LH,iMG616E,,00:0d:da:0b:1e:fc,3+AC0-5 release 83+AF8-03+AF8-103,
Allied Telesis Holdings K.K.,iMG616LH,iMG616E,,00:0d:da:0b:1f:c4,3+AC0-5 release 83+AF8-03+AF8-103,
Allied Telesis Holdings K.K.,iMG616LH,iMG616E,,00:0d:da:0b:20:11,3+AC0-5 release 83+AF8-03+AF8-103,
Allied Telesis Holdings K.K.,iMG616BD,iMG616E,,00:0d:da:0b:20:ef,3+AC0-5 release 83+AF8-03+AF8-103,
Allied Telesis Holdings K.K.,iMG616BD,iMG616E,,00:0d:da:0b:22:5f,3+AC0-5 release 83+AF8-03+AF8-103,
Allied Telesis Holdings K.K.,iMG616BD,iMG616E,,00:0d:da:0b:26:7e,3+AC0-8 release 105,
Allied Telesis Holdings K.K.,iMG616BD,iMG616E,,00:0d:da:0b:2c:8a,3+AC0-5 release 83+AF8-03+AF8-103,
Allied Telesis K.K.,iMG606BD,iMG600E,,00:0d:da:0b:3f:3d,2+AC0-4 release 58+AF8-02+AF8-03,
Allied Telesis K.K.,iMG606BD,iMG600E,,00:0d:da:0b:3f:d3,2+AC0-4 release 58+AF8-02+AF8-03,
Allied Telesis K.K.,iMG606BD,iMG600E,,00:0d:da:0b:3f:f5,2+AC0-4 release 58+AF8-02+AF8-03,
Allied Telesis K.K.,iMG606BD,iMG600E,,00:0d:da:0b:40:39,2+AC0-4 release 58+AF8-02+AF8-03,
Allied Telesis Holdings K.K.,iMG606BD,RG6X6E,,00:0d:da:0b:40:d2,3+AC0-8 release 105,
Allied Telesis K.K.,iMG606BD,iMG600E,,00:0d:da:0b:41:2e,2+AC0-4 release 58+AF8-02+AF8-03,
Allied Telesis K.K.,iMG606BD,iMG600E,,00:0d:da:0b:41:c5,2+AC0-4 release 58+AF8-02+AF8-03,
Allied Telesis K.K.,iMG606BD,iMG600E,,00:0d:da:0b:41:e1,2+AC0-4 release 58+AF8-02+AF8-03,
Allied Telesis K.K.,iMG606BD,iMG600E,,00:0d:da:0b:42:44,2+AC0-4 release 58+AF8-02+AF8-03,
Allied Telesis Holdings K.K.,iMG606BD,iMG600E,,00:0d:da:0b:42:a3,2+AC0-5 release 55+AF8-10+AF8-12+AF8-05,
Allied Telesis Holdings K.K.,iMG606BD,iMG600E,,00:0d:da:0b:42:b7,2+AC0-5 release 55+AF8-10+AF8-12+AF8-05,
Allied Telesis K.K.,iMG606BD,iMG600E,,00:0d:da:0b:43:1d,2+AC0-4 release 58+AF8-02+AF8-03,
Allied Telesis K.K.,iMG606BD,iMG600E,,00:0d:da:0b:43:28,2+AC0-4 release 58+AF8-02+AF8-03,
Allied Telesis K.K.,iMG606BD,iMG600E,,00:0d:da:0b:43:43,2+AC0-4 release 58+AF8-02+AF8-03,
Allied Telesis K.K.,iMG606BD,iMG600E,,00:0d:da:0b:43:aa,2+AC0-4 release 58+AF8-02+AF8-03,
Allied Telesis Holdings K.K.,iMG606BD,RG6X6E,,00:0d:da:0b:43:d1,3+AC0-8 release 105,
Allied Telesis K.K.,iMG606BD,iMG600E,,00:0d:da:0b:43:da,2+AC0-4 release 58+AF8-02+AF8-03,
Allied Telesis Holdings K.K.,iMG606BD,iMG600E,,00:0d:da:0b:43:f3,2+AC0-5 release 55+AF8-10+AF8-12+AF8-05,
Allied Telesis K.K.,iMG606BD,iMG600E,,00:0d:da:0b:44:20,2+AC0-4 release 58+AF8-02+AF8-03,
Allied Telesis K.K.,iMG606BD,iMG600E,,00:0d:da:0b:44:53,2+AC0-4 release 58+AF8-02+AF8-03,
Allied Telesis K.K.,iMG606BD,iMG600E,,00:0d:da:0b:44:72,2+AC0-4 release 58+AF8-02+AF8-03,
Allied Telesis K.K.,iMG606BD,iMG600E,,00:0d:da:0b:44:8a,2+AC0-4 release 58+AF8-02+AF8-03,
Allied Telesis K.K.,iMG606BD,iMG600E,,00:0d:da:0b:44:9a,2+AC0-4 release 58+AF8-02+AF8-03,
Allied Telesis Holdings K.K.,iMG606BD,RG6X6E,,00:0d:da:0b:48:22,3+AC0-7+AC0-01 release 26,
Allied Telesis Holdings K.K.,iMG606BD,RG6X6E,,00:0d:da:0b:48:d4,3+AC0-7+AC0-04 release 31,
Allied Telesis Holdings K.K.,iMG606BD,RG6X6E,,00:0d:da:0b:48:fc,3+AC0-7+AC0-01 release 26,
Allied Telesis K.K.,iMG646BD,iMG600E,,00:0d:da:0b:75:91,2+AC0-4 release 58+AF8-02+AF8-03,
Allied Telesis Holdings K.K.,iMG646BD,RG6X6E,,00:0d:da:0b:78:46,3+AC0-7 release 148+AF8-01+AF8-34,
Allied Telesis Holdings K.K.,iMG646BD,iMG600E,,00:0d:da:0b:79:27,2+AC0-5 release 55+AF8-10+AF8-61,
Allied Telesis K.K.,iMG646BD,iMG600E,,00:0d:da:0b:79:ea,2+AC0-4 release 58+AF8-02+AF8-03,
Allied Telesis K.K.,iMG646BD,iMG600E,,00:0d:da:0b:7f:5f,2+AC0-4 release 58+AF8-02+AF8-03,
Allied Telesis Holdings K.K.,iMG646BD,RG6X6E,,00:0d:da:0b:83:76,3+AC0-8+AC0-02 release 25,
Allied Telesis Holdings K.K.,iMG646BD,RG6X6E,,00:0d:da:0b:84:98,3+AC0-8+AC0-02 release 25,
Allied Telesis Holdings K.K.,iMG646BD,RG6X6E,,00:0d:da:0b:85:a4,3+AC0-8+AC0-02 release 25,
Allied Telesis Holdings K.K.,iMG646BD,RG6X6E,,00:0d:da:0b:86:03,3+AC0-8+AC0-02 release 25,
Allied Telesis Holdings K.K.,iMG646BD,RG6X6E,,00:0d:da:0b:86:3f,3+AC0-8+AC0-02 release 25,
Allied Telesis Holdings K.K.,iMG646BD,RG6X6E,,00:0d:da:0b:86:92,3+AC0-8+AC0-02 release 25,
Allied Telesis Holdings K.K.,iMG646BD,RG6X6E,,00:0d:da:0b:86:92,3+AC0-8+AC0-02 release 25,
Allied Telesis Holdings K.K.,iMG646BD,RG6X6E,,00:0d:da:0b:88:55,3+AC0-8+AC0-02 release 25,
Allied Telesis Holdings K.K.,iMG646BD,RG6X6E,,00:0d:da:0b:89:24,3+AC0-8+AC0-05 release 04,
Allied Telesis Holdings K.K.,iMG646BD,RG6X6E,,00:0d:da:0b:89:33,3+AC0-8+AC0-02 release 25,
Allied Telesis Holdings K.K.,iMG646BD,RG6X6E,,00:0d:da:0b:89:33,3+AC0-8+AC0-02 release 25,
Allied Telesis Holdings K.K.,iMG646BD,RG6X6E,,00:0d:da:0b:8b:97,3+AC0-7+AC0-01 release 26,
Allied Telesis Holdings K.K.,iMG646BD,RG6X6E,,00:0d:da:0b:8b:f0,3+AC0-8+AC0-02 release 25,
Allied Telesis Holdings K.K.,iMG646BD,RG6X6E,,00:0d:da:0b:8c:1c,3+AC0-8+AC0-02 release 25,
Allied Telesis Holdings K.K.,iMG646BD,RG6X6E,,00:0d:da:0b:8c:a0,3+AC0-8+AC0-02 release 25,
Allied Telesis Holdings K.K.,iMG646BD,RG6X6E,,00:0d:da:0b:8d:1f,3+AC0-8 release 105,
Allied Telesis Holdings K.K.,iMG646BD,RG6X6E,,00:0d:da:0b:8d:26,3+AC0-8 release 105,
Allied Telesis Holdings K.K.,iMG646BD,RG6X6E,,00:0d:da:0b:8d:37,3+AC0-8 release 105,
Allied Telesis Holdings K.K.,iMG646BD,RG6X6E,,00:0d:da:0b:8d:3f,3+AC0-8 release 105,
Allied Telesis Holdings K.K.,iMG646BD,RG6X6E,,00:0d:da:0b:8d:72,3+AC0-8 release 105,
Allied Telesis Holdings K.K.,iMG646BD,RG6X6E,,00:0d:da:0b:8f:3f,3+AC0-8 release 105,
Allied Telesis Holdings K.K.,iMG646BD,RG6X6E,,00:0d:da:0b:8f:4f,3+AC0-8 release 105,
Allied Telesis Holdings K.K.,iMG646BD,RG6X6E,,00:0d:da:0b:8f:5e,3+AC0-8 release 105,
Allied Telesis Holdings K.K.,iMG646BD,RG6X6E,,00:0d:da:0b:8f:6a,3+AC0-8 release 105,
Allied Telesis Holdings K.K.,iMG606BD,RG6X6E,,00:0d:da:0b:c3:8d,3+AC0-7+AC0-01 release 26,
Allied Telesis Holdings K.K.,iMG606BD,RG6X6E,,00:0d:da:0b:c4:c9,3+AC0-7+AC0-01 release 26,
Allied Telesis Holdings K.K.,iMG606BD,RG6X6E,,00:0d:da:0b:c5:15,3+AC0-7+AC0-01 release 26,
Allied Telesis Holdings K.K.,iMG606BD,RG6X6E,,00:0d:da:0b:c5:3e,3+AC0-7+AC0-01 release 26,
Allied Telesis Holdings K.K.,iMG606BD,RG6X6E,,00:0d:da:0b:c5:44,3+AC0-8 release 105,
Allied Telesis Holdings K.K.,iMG606BD,RG6X6E,,00:0d:da:0b:c5:4e,3+AC0-7+AC0-01 release 26,
Allied Telesis Holdings K.K.,iMG606BD,RG6X6E,,00:0d:da:0b:c5:62,3+AC0-7+AC0-01 release 26,
Allied Telesis Holdings K.K.,iMG606BD,RG6X6E,,00:0d:da:0b:c6:54,3+AC0-7+AC0-01 release 26,
Allied Telesis Holdings K.K.,iMG606BD,RG6X6E,,00:0d:da:0b:c6:76,3+AC0-7+AC0-01 release 26,
Allied Telesis Holdings K.K.,iMG606BD,RG6X6E,,00:0d:da:0b:c6:d2,3+AC0-7+AC0-01 release 26,
Allied Telesis Holdings K.K.,iMG606BD,RG6X6E,,00:0d:da:0b:c6:ea,3+AC0-7+AC0-01 release 26,
Allied Telesis Holdings K.K.,iMG606BD,RG6X6E,,00:0d:da:0b:c7:01,3+AC0-7+AC0-01 release 26,
Allied Telesis Holdings K.K.,iMG606BD,RG6X6E,,00:0d:da:0b:c7:30,3+AC0-7+AC0-01 release 26,
Allied Telesis Holdings K.K.,iMG606BD,RG6X6E,,00:0d:da:0b:c7:83,3+AC0-7+AC0-01 release 26,
Allied Telesis Holdings K.K.,iMG606BD,RG6X6E,,00:0d:da:0b:c7:88,3+AC0-8 release 105,
Allied Telesis Holdings K.K.,iMG606BD,RG6X6E,,00:0d:da:0b:c7:a6,3+AC0-7+AC0-01 release 26,
Allied Telesis Holdings K.K.,iMG606BD,RG6X6E,,00:0d:da:0b:c7:aa,3+AC0-7+AC0-01 release 26,
Allied Telesis Holdings K.K.,iMG606BD,RG6X6E,,00:0d:da:0b:c8:72,3+AC0-7+AC0-01 release 26,
Allied Telesis Holdings K.K.,iMG606BD,RG6X6E,,00:0d:da:0b:c8:9f,3+AC0-7+AC0-01 release 26,
Allied Telesis Holdings K.K.,iMG606BD,RG6X6E,,00:0d:da:0b:c8:a1,3+AC0-7+AC0-01 release 26,
Allied Telesis Holdings K.K.,iMG606BD,RG6X6E,,00:0d:da:0b:c8:a5,3+AC0-7+AC0-01 release 26,
Allied Telesis Holdings K.K.,iMG606BD,RG6X6E,,00:0d:da:0b:cb:52,3+AC0-7+AC0-01 release 26,
Allied Telesis Holdings K.K.,iMG606BD,RG6X6E,,00:0d:da:0b:cb:d5,3+AC0-7+AC0-01 release 26,
Allied Telesis Holdings K.K.,iMG606BD,RG6X6E,,00:0d:da:0b:ce:b1,3+AC0-7+AC0-01 release 26,
Allied Telesis Holdings K.K.,iMG606BD,RG6X6E,,00:0d:da:0b:ce:ee,3+AC0-7+AC0-01 release 26,
Allied Telesis Holdings K.K.,iMG606BD,RG6X6E,,00:0d:da:0b:d1:15,3+AC0-7+AC0-01 release 26,
Allied Telesis Holdings K.K.,iMG606BD,RG6X6E,,00:0d:da:0b:d2:b9,3+AC0-7+AC0-01 release 26,
Allied Telesis Holdings K.K.,iMG606BD,RG6X6E,,00:0d:da:0b:d3:21,3+AC0-7+AC0-01 release 26,
Allied Telesis Holdings K.K.,iMG606BD,RG6X6E,,00:0d:da:0b:d3:3e,3+AC0-7+AC0-01 release 26,
Allied Telesis Holdings K.K.,iMG606BD,RG6X6E,,00:0d:da:0b:d3:5b,3+AC0-8 release 105,
Allied Telesis Holdings K.K.,iMG606BD,RG6X6E,,00:0d:da:0b:d3:73,3+AC0-7+AC0-01 release 26,
Allied Telesis Holdings K.K.,iMG606BD,RG6X6E,,00:0d:da:0b:d3:8f,3+AC0-7+AC0-01 release 26,
Allied Telesis Holdings K.K.,iMG606BD,RG6X6E,,00:0d:da:0b:d3:a4,3+AC0-7+AC0-01 release 26,
Allied Telesis Holdings K.K.,iMG606BD,RG6X6E,,00:0d:da:0b:d3:a8,3+AC0-8 release 105,
Allied Telesis Holdings K.K.,iMG606BD,RG6X6E,,00:0d:da:0b:d3:b8,3+AC0-7+AC0-01 release 26,
Allied Telesis Holdings K.K.,iMG606BD,RG6X6E,,00:0d:da:0b:d4:1d,3+AC0-8 release 105,
Allied Telesis Holdings K.K.,iMG606BD,RG6X6E,,00:0d:da:0b:d4:49,3+AC0-8+AC0-02 release 25,
Allied Telesis Holdings K.K.,iMG606BD,RG6X6E,,00:0d:da:0b:d4:52,3+AC0-8 release 105,
Allied Telesis Holdings K.K.,iMG606BD,RG6X6E,,00:0d:da:0b:d4:5d,3+AC0-8 release 105,
Allied Telesis Holdings K.K.,iMG606BD,RG6X6E,,00:0d:da:0b:d4:75,3+AC0-8 release 105,
Allied Telesis Holdings K.K.,iMG606BD,RG6X6E,,00:0d:da:0b:d4:a2,3+AC0-8 release 105,
Allied Telesis Holdings K.K.,iMG606BD,RG6X6E,,00:0d:da:0b:d4:b9,3+AC0-8 release 105,
Allied Telesis Holdings K.K.,iMG606BD,RG6X6E,,00:0d:da:0b:d5:05,3+AC0-8 release 105,
Allied Telesis Holdings K.K.,iMG606BD,RG6X6E,,00:0d:da:0b:d5:0a,3+AC0-8 release 105,
Allied Telesis Holdings K.K.,iMG606BD,RG6X6E,,00:0d:da:0b:d5:0e,3+AC0-8 release 105,
Allied Telesis Holdings K.K.,iMG606BD,RG6X6E,,00:0d:da:0b:d5:3d,3+AC0-8 release 105,
Allied Telesis Holdings K.K.,iMG606BD,RG6X6E,,00:0d:da:0b:d5:3e,3+AC0-8 release 105,
Allied Telesis Holdings K.K.,iMG606BD,RG6X6E,,00:0d:da:0b:d5:46,3+AC0-8 release 105,
Allied Telesis Holdings K.K.,iMG606BD,RG6X6E,,00:0d:da:0b:d5:48,3+AC0-8 release 105,
Allied Telesis Holdings K.K.,iMG606BD,RG6X6E,,00:0d:da:0b:d5:4c,3+AC0-8 release 105,
Allied Telesis Holdings K.K.,iMG606BD,RG6X6E,,00:0d:da:0b:d5:50,3+AC0-8 release 105,
Allied Telesis Holdings K.K.,iMG606BD,RG6X6E,,00:0d:da:0b:d5:68,3+AC0-8 release 105,
Allied Telesis Holdings K.K.,iMG606BD,RG6X6E,,00:0d:da:0b:d5:6a,3+AC0-8 release 105,
Allied Telesis Holdings K.K.,iMG606BD,RG6X6E,,00:0d:da:0b:d5:6b,3+AC0-8 release 105,
Allied Telesis Holdings K.K.,iMG606BD,RG6X6E,,00:0d:da:0b:d5:80,3+AC0-8 release 105,
Allied Telesis Holdings K.K.,iMG606BD,RG6X6E,,00:0d:da:0b:d5:80,3+AC0-8 release 105,
Allied Telesis Holdings K.K.,iMG606BD,RG6X6E,,00:0d:da:0b:d5:bd,3+AC0-8 release 105,
Allied Telesis Holdings K.K.,iMG606BD,RG6X6E,,00:0d:da:0b:d5:d7,3+AC0-8 release 105,
Allied Telesis Holdings K.K.,iMG606BD,RG6X6E,,00:0d:da:0b:d5:df,3+AC0-8 release 105,
Allied Telesis Holdings K.K.,iMG606BD,RG6X6E,,00:0d:da:0b:d5:e9,3+AC0-8 release 105,
Allied Telesis Holdings K.K.,iMG606BD,RG6X6E,,00:0d:da:0b:d6:20,3+AC0-8 release 105,
Allied Telesis Holdings K.K.,iMG606BD,RG6X6E,,00:0d:da:0b:d6:32,3+AC0-8 release 105,
Allied Telesis Holdings K.K.,iMG606BD,RG6X6E,,00:0d:da:0b:d6:34,3+AC0-8 release 105,
Allied Telesis Holdings K.K.,iMG634A+AC0-R2,iMG634A+AC0-R2+AC0-main,,00:0d:da:0c:00:27,,
Allied Telesis Holdings K.K.,iMG634A+AC0-R2,iMG634A+AC0-R2+AC0-main,,00:0d:da:0c:00:4d,,
Allied Telesis Holdings K.K.,iMG634A+AC0-R2,iMG634A+AC0-R2+AC0-main,,00:0d:da:0c:00:e4,,
Allied Telesis Holdings K.K.,iMG634A+AC0-R2,iMG634A+AC0-R2+AC0-main,,00:0d:da:0c:01:2b,,
Allied Telesis Holdings K.K.,iMG634A+AC0-R2,iMG634A+AC0-R2+AC0-main,,00:0d:da:0c:02:4f,,
Allied Telesis Holdings K.K.,iMG634A+AC0-R2,iMG634A+AC0-R2+AC0-main,,00:0d:da:0c:02:8b,,
Allied Telesis Holdings K.K.,iMG634A+AC0-R2,iMG634A+AC0-R2+AC0-main,,00:0d:da:0c:02:8b,,
Allied Telesis Holdings K.K.,iMG634A+AC0-R2,iMG634A+AC0-R2+AC0-main,,00:0d:da:0c:02:de,,
Allied Telesis Holdings K.K.,iMG616BD,iMG616E,,00:0d:da:0c:11:20,3+AC0-7+AC0-03 release 18,
Allied Telesis Holdings K.K.,iMG616BD,iMG616E,,00:0d:da:0c:18:49,3+AC0-7+AC0-01 release 26,
Allied Telesis Holdings K.K.,iMG616BD,iMG616E,,00:0d:da:0c:18:d1,3+AC0-7+AC0-01 release 26,
Allied Telesis Holdings K.K.,iMG616BD,iMG616E,,00:0d:da:0c:21:57,3+AC0-8+AC0-05 release 02,
Allied Telesis Holdings K.K.,iMG616BD,iMG616E,,00:0d:da:0c:21:57,3+AC0-8+AC0-05 release 02,
Allied Telesis Holdings K.K.,iMG616BD,iMG616E,,00:0d:da:0c:22:74,3+AC0-5 release 83+AF8-03+AF8-113,
Allied Telesis Holdings K.K.,iMG616LH,iMG616E,,00:0d:da:0c:27:fa,3+AC0-7+AC0-01 release 26,
Allied Telesis Holdings K.K.,iMG616LH,iMG616E,,00:0d:da:0c:28:11,3+AC0-7+AC0-01 release 26,
Allied Telesis Holdings K.K.,iMG616LH,iMG616E,,00:0d:da:0c:29:81,3+AC0-7+AC0-01 release 26,
Allied Telesis Holdings K.K.,iMG616BD,iMG616E,,00:0d:da:0c:2b:cc,3+AC0-7+AC0-01 release 26,
Allied Telesis Holdings K.K.,iMG616BD,iMG616E,,00:0d:da:0c:2e:99,3+AC0-5 release 83+AF8-03+AF8-103,
Allied Telesis Holdings K.K.,iMG616BD,iMG616E,,00:0d:da:0c:2f:d7,3+AC0-8 release 105,
Allied Telesis Holdings K.K.,iMG616LH,iMG616E,,00:0d:da:0c:34:8d,3+AC0-7+AC0-01 release 26,
Allied Telesis Holdings K.K.,iMG616BD,iMG616E,,00:0d:da:0c:3f:86,3+AC0-7+AC0-04 release 34,
Allied Telesis Holdings K.K.,iMG616BD,iMG616E,,00:0d:da:0c:3f:a1,3+AC0-7+AC0-04 release 34,
Allied Telesis Holdings K.K.,iMG616BD,iMG616E,,00:0d:da:0c:3f:a1,3+AC0-7+AC0-04 release 34,
Allied Telesis Holdings K.K.,iMG616BD,iMG616E,,00:0d:da:0c:42:d5,3+AC0-7+AC0-04 release 34,
Allied Telesis Holdings K.K.,iMG616BD,iMG616E,,00:0d:da:0c:42:ee,3+AC0-8 release 105,
Allied Telesis Holdings K.K.,iMG616BD,iMG616E,,00:0d:da:0c:42:ee,3+AC0-8 release 105,
Allied Telesis Holdings K.K.,iMG616BD,iMG616E,,00:0d:da:0c:42:ee,3+AC0-8 release 105,
Allied Telesis Holdings K.K.,iMG616BD,iMG616E,,00:0d:da:0c:42:ee,3+AC0-8 release 105,
Allied Telesis Holdings K.K.,iMG616BD,iMG616E,,00:0d:da:0c:42:f1,3+AC0-7+AC0-04 release 34,
Allied Telesis Holdings K.K.,iMG616BD,iMG616E,,00:0d:da:0c:42:fd,3+AC0-7+AC0-04 release 34,
Allied Telesis Holdings K.K.,iMG616BD,iMG616E,,00:0d:da:0c:43:02,3+AC0-7+AC0-04 release 34,
Allied Telesis Holdings K.K.,iMG616BD,iMG616E,,00:0d:da:0c:45:40,3+AC0-7+AC0-04 release 34,
Allied Telesis Holdings K.K.,iMG616BD,iMG616E,,00:0d:da:0c:45:40,3+AC0-7+AC0-04 release 34,
Allied Telesis Holdings K.K.,iMG616BD,iMG616E,,00:0d:da:0c:4a:c9,3+AC0-7+AC0-04 release 34,
Allied Telesis Holdings K.K.,iMG616BD,iMG616E,,00:0d:da:0c:4b:1f,3+AC0-5 release 83,
Allied Telesis Holdings K.K.,iMG616BD,iMG616E,,00:0d:da:0c:53:58,3+AC0-7+AC0-04 release 34,
Allied Telesis Holdings K.K.,iMG616BD,iMG616E,,00:0d:da:0c:56:32,3+AC0-7+AC0-04 release 34,
Allied Telesis Holdings K.K.,iMG616BD,iMG616E,,00:0d:da:0c:59:c3,3+AC0-8 release 105,
Allied Telesis Holdings K.K.,iMG616BD,iMG616E,,00:0d:da:0c:59:c3,3+AC0-8 release 105,
Allied Telesis Holdings K.K.,iMG616BD,iMG616E,,00:0d:da:0c:59:da,3+AC0-5 release 83+AF8-03+AF8-51,
Allied Telesis Holdings K.K.,iMG616LH,iMG616E,,00:0d:da:0c:5a:57,3+AC0-7+AC0-04 release 34,
Allied Telesis Holdings K.K.,iMG616LH,iMG616E,,00:0d:da:0c:5a:57,3+AC0-7+AC0-04 release 34,
Allied Telesis Holdings K.K.,iMG616LH,iMG616E,,00:0d:da:0c:5a:d7,3+AC0-5 release 83+AF8-03+AF8-51,
Allied Telesis Holdings K.K.,iMG616BD,iMG616E,,00:0d:da:0c:5e:30,3+AC0-5 release 83+AF8-03+AF8-51,
Allied Telesis Holdings K.K.,iMG616SRF,iMG616E,,00:0d:da:0c:5f:dc,3+AC0-7+AC0-01 release 26,
Allied Telesis Holdings K.K.,iMG616SRF,iMG616E,,00:0d:da:0c:60:14,3+AC0-7+AC0-01 release 26,
Allied Telesis Holdings K.K.,iMG616SRF,iMG616E,,00:0d:da:0c:60:32,3+AC0-7+AC0-01 release 26,
Allied Telesis Holdings K.K.,iMG616SRF,iMG616E,,00:0d:da:0c:60:58,3+AC0-7+AC0-01 release 26,
Allied Telesis Holdings K.K.,iMG616SRF,iMG616E,,00:0d:da:0c:63:25,3+AC0-7+AC0-01 release 26,
Allied Telesis Holdings K.K.,iMG616SRF,iMG616E,,00:0d:da:0c:63:36,3+AC0-7+AC0-01 release 26,
Allied Telesis Holdings K.K.,iMG616SRF,iMG616E,,00:0d:da:0c:63:5d,3+AC0-7+AC0-01 release 26,
Allied Telesis Holdings K.K.,iMG616SRF,iMG616E,,00:0d:da:0c:64:6c,3+AC0-7+AC0-01 release 26,
Allied Telesis Holdings K.K.,iMG616SRF,iMG616E,,00:0d:da:0c:64:82,3+AC0-7+AC0-01 release 26,
Allied Telesis Holdings K.K.,iMG616SRF,iMG616E,,00:0d:da:0c:64:87,3+AC0-7+AC0-01 release 26,
Allied Telesis Holdings K.K.,iMG616SRF,iMG616E,,00:0d:da:0c:65:ba,3+AC0-7+AC0-01 release 26,
Allied Telesis Holdings K.K.,iMG616SRF,iMG616E,,00:0d:da:0c:65:bc,3+AC0-7+AC0-01 release 26,
Allied Telesis Holdings K.K.,iMG616SRF,iMG616E,,00:0d:da:0c:66:c6,3+AC0-7+AC0-01 release 26,
Allied Telesis Holdings K.K.,iMG616SRF,iMG616E,,00:0d:da:0c:77:7c,3+AC0-8 release 105,
Allied Telesis Holdings K.K.,iMG616SRF,iMG616E,,00:0d:da:0c:78:73,3+AC0-8 release 105,
Allied Telesis Holdings K.K.,iMG616W,iMG616W+AC0-main,,00:0d:da:0c:87:6b,,
Allied Telesis Holdings K.K.,iMG634WA+AC0-R2,iMG634WA+AC0-R2+AC0-main,,00:0d:da:0c:8a:5d,,
Allied Telesis Holdings K.K.,iMG634WB+AC0-R2,iMG634WB+AC0-R2+AC0-main,,00:0d:da:0c:8c:76,,
Allied Telesis Holdings K.K.,iMG634WB+AC0-R2,iMG634WB+AC0-R2+AC0-main,,00:0d:da:0c:8d:4b,,
Allied Telesis Holdings K.K.,iMG634WB+AC0-R2,iMG634WB+AC0-R2+AC0-main,,00:0d:da:0c:8d:83,,
Allied Telesis Holdings K.K.,iMG634WA+AC0-R2,iMG634WA+AC0-R2+AC0-main,,00:0d:da:0c:8e:af,,
Allied Telesis Holdings K.K.,iMG634WA+AC0-R2,iMG634WA+AC0-R2+AC0-main,,00:0d:da:0c:8f:01,,
Allied Telesis Holdings K.K.,iMG634WA+AC0-R2,iMG634WA+AC0-R2+AC0-main,,00:0d:da:0c:8f:27,,
Allied Telesis Holdings K.K.,iMG634WA+AC0-R2,iMG634WA+AC0-R2+AC0-main,,00:0d:da:0c:8f:5e,,
Allied Telesis Holdings K.K.,iMG634WA+AC0-R2,iMG634WA+AC0-R2+AC0-main,,00:0d:da:0c:8f:5e,,
Allied Telesis Holdings K.K.,iMG634WA+AC0-R2,iMG634WA+AC0-R2+AC0-main,,00:0d:da:0c:8f:92,,
Allied Telesis Holdings K.K.,iMG634WA+AC0-R2,iMG634WA+AC0-R2+AC0-main,,00:0d:da:0c:8f:92,,
Allied Telesis Holdings K.K.,iMG634WA+AC0-R2,iMG634WA+AC0-R2+AC0-main,,00:0d:da:0c:8f:92,,
Allied Telesis Holdings K.K.,iMG634WA+AC0-R2,iMG634WA+AC0-R2+AC0-main,,00:0d:da:0c:8f:ff,,
Allied Telesis Holdings K.K.,iMG634WA+AC0-R2,iMG634WA+AC0-R2+AC0-main,,00:0d:da:0c:8f:ff,,
Allied Telesis Holdings K.K.,iMG634WA+AC0-R2,iMG634WA+AC0-R2+AC0-main,,00:0d:da:0c:90:0d,,
Allied Telesis Holdings K.K.,iMG634WA+AC0-R2,iMG634WA+AC0-R2+AC0-main,,00:0d:da:0c:90:16,,
Allied Telesis Holdings K.K.,iMG634WA+AC0-R2,iMG634WA+AC0-R2+AC0-main,,00:0d:da:0c:90:16,,
Allied Telesis Holdings K.K.,iMG634WA+AC0-R2,iMG634WA+AC0-R2+AC0-main,,00:0d:da:0c:90:4a,,
Allied Telesis Holdings K.K.,iMG634WA+AC0-R2,iMG634WA+AC0-R2+AC0-main,,00:0d:da:0c:90:4a,,
Allied Telesis Holdings K.K.,iMG634WA+AC0-R2,iMG634WA+AC0-R2+AC0-main,,00:0d:da:0c:90:67,,
Allied Telesis Holdings K.K.,iMG634WA+AC0-R2,iMG634WA+AC0-R2+AC0-main,,00:0d:da:0c:90:67,,
Allied Telesis Holdings K.K.,iMG634WA+AC0-R2,iMG634WA+AC0-R2+AC0-main,,00:0d:da:0c:90:68,,
Allied Telesis Holdings K.K.,iMG634WA+AC0-R2,iMG634WA+AC0-R2+AC0-main,,00:0d:da:0c:90:68,,
Allied Telesis Holdings K.K.,iMG634WA+AC0-R2,iMG634WA+AC0-R2+AC0-main,,00:0d:da:0c:90:85,,
Allied Telesis Holdings K.K.,iMG634WA+AC0-R2,iMG634WA+AC0-R2+AC0-main,,00:0d:da:0c:90:85,,
Allied Telesis Holdings K.K.,iMG634WA+AC0-R2,iMG634WA+AC0-R2+AC0-main,,00:0d:da:0c:90:88,,
Allied Telesis Holdings K.K.,iMG634WA+AC0-R2,iMG634WA+AC0-R2+AC0-main,,00:0d:da:0c:90:88,,
Allied Telesis Holdings K.K.,iMG634A+AC0-R2,iMG634A+AC0-R2+AC0-main,,00:0d:da:0c:a3:96,,
Allied Telesis Holdings K.K.,iMG634A+AC0-R2,iMG634A+AC0-R2+AC0-main,,00:0d:da:0c:a3:ce,,
Allied Telesis Holdings K.K.,iMG634A+AC0-R2,iMG634A+AC0-R2+AC0-main,,00:0d:da:0c:a4:57,,
Allied Telesis Holdings K.K.,iMG624A+AC0-R2,iMG624A+AC0-R2+AC0-main,,00:0d:da:0c:a5:08,,
Allied Telesis Holdings K.K.,iMG634A+AC0-R2,iMG634A+AC0-R2+AC0-main,,00:0d:da:0c:aa:39,,
Allied Telesis Holdings K.K.,iMG634A+AC0-R2,iMG634A+AC0-R2+AC0-main,,00:0d:da:0c:aa:76,,
Allied Telesis Holdings K.K.,iMG634A+AC0-R2,iMG634A+AC0-R2+AC0-main,,00:0d:da:0c:ab:9d,,
Allied Telesis Holdings K.K.,iMG634A+AC0-R2,iMG634A+AC0-R2+AC0-main,,00:0d:da:0c:ab:de,,
Allied Telesis Holdings K.K.,iMG634A+AC0-R2,iMG634A+AC0-R2+AC0-main,,00:0d:da:0c:b9:6b,,
Allied Telesis Holdings K.K.,iMG624A+AC0-R2,iMG624A+AC0-R2+AC0-main,,00:0d:da:0c:cd:48,,
Allied Telesis Holdings K.K.,iMG634A+AC0-R2,iMG634A+AC0-R2+AC0-main,,00:0d:da:0c:de:3f,,
Allied Telesis Holdings K.K.,iMG634A+AC0-R2,iMG634A+AC0-R2+AC0-main,,00:0d:da:0c:de:ce,,
Allied Telesis Holdings K.K.,iMG634A+AC0-R2,iMG634A+AC0-R2+AC0-main,,00:0d:da:0c:df:54,,
Allied Telesis Holdings K.K.,iMG634A+AC0-R2,iMG634A+AC0-R2+AC0-main,,00:0d:da:0c:e1:14,,
Allied Telesis Holdings K.K.,iMG634A+AC0-R2,iMG634A+AC0-R2+AC0-main,,00:0d:da:0c:e1:62,,
Allied Telesis Holdings K.K.,iMG634A+AC0-R2,iMG634A+AC0-R2+AC0-main,,00:0d:da:0c:e3:30,,
Allied Telesis Holdings K.K.,iMG634A+AC0-R2,iMG634A+AC0-R2+AC0-main,,00:0d:da:0c:e3:a3,,
Allied Telesis Holdings K.K.,iMG634A+AC0-R2,iMG634A+AC0-R2+AC0-main,,00:0d:da:0c:e4:2a,,
Allied Telesis Holdings K.K.,iMG634A+AC0-R2,iMG634A+AC0-R2+AC0-main,,00:0d:da:0c:e4:3a,,
Allied Telesis Holdings K.K.,iMG616W,iMG616W+AC0-main,,00:0d:da:0c:ef:87,,
Allied Telesis Holdings K.K.,iMG616W,iMG616W+AC0-main,,00:0d:da:0c:f4:34,,
Allied Telesis Holdings K.K.,iMG616W,iMG616W+AC0-main,,00:0d:da:0c:f9:6c,,
Allied Telesis Holdings K.K.,iMG616W,iMG616W+AC0-main,,00:0d:da:0c:f9:9c,,
Allied Telesis Holdings K.K.,iMG616W,iMG616W+AC0-main,,00:0d:da:0c:fa:66,,
Allied Telesis Holdings K.K.,iMG616W,iMG616W+AC0-main,,00:0d:da:0c:fa:92,,
Allied Telesis Holdings K.K.,iMG616W,iMG616W+AC0-main,,00:0d:da:0c:fa:e3,,
Allied Telesis Holdings K.K.,iMG616W,iMG616W+AC0-main,,00:0d:da:0c:fa:e3,,
Allied Telesis Holdings K.K.,iMG616W,iMG616W+AC0-main,,00:0d:da:0c:fa:e3,,
Allied Telesis Holdings K.K.,iMG616W,iMG616W+AC0-main,,00:0d:da:0c:fa:f2,,
Allied Telesis Holdings K.K.,iMG616W,iMG616W+AC0-main,,00:0d:da:0c:fb:31,,
Allied Telesis Holdings K.K.,iMG616W,iMG616W+AC0-main,,00:0d:da:0c:fb:32,,
Allied Telesis Holdings K.K.,iMG616W,iMG616W+AC0-main,,00:0d:da:0c:fb:32,,
Allied Telesis Holdings K.K.,iMG616W,iMG616W+AC0-main,,00:0d:da:0c:fb:4f,,
Allied Telesis Holdings K.K.,iMG616W,iMG616W+AC0-main,,00:0d:da:0c:fb:ba,,
Allied Telesis Holdings K.K.,iMG616W,iMG616W+AC0-main,,00:0d:da:0c:fb:e2,,
Allied Telesis Holdings K.K.,iMG616W,iMG616W+AC0-main,,00:0d:da:0c:ff:29,,
Allied Telesis Holdings K.K.,iMG616W,iMG616W+AC0-main,,00:0d:da:0c:ff:29,,
Allied Telesis Holdings K.K.,iMG616W,iMG616W+AC0-main,,00:0d:da:0c:ff:29,,
Allied Telesis Holdings K.K.,iMG616BD,iMG616E,,00:0d:da:0d:07:3c,3+AC0-5 release 83+AF8-03+AF8-113,
Allied Telesis Holdings K.K.,iMG616BD,iMG616E,,00:0d:da:0d:0a:ab,3+AC0-5 release 83+AF8-03+AF8-51,
Allied Telesis Holdings K.K.,iMG616BD,iMG616E,,00:0d:da:0d:0b:00,3+AC0-8 release 105,
Allied Telesis Holdings K.K.,iMG616BD,iMG616E,,00:0d:da:0d:0b:00,3+AC0-8 release 105,
Allied Telesis Holdings K.K.,iMG616BD,iMG616E,,00:0d:da:0d:0d:22,3+AC0-7+AC0-03 release 18,
Allied Telesis Holdings K.K.,iMG616BD,iMG616E,,00:0d:da:0d:0d:8b,3+AC0-5 release 83,
Allied Telesis Holdings K.K.,iMG616BD,iMG616E,,00:0d:da:0d:0f:d2,3+AC0-8 release 105,
Allied Telesis Holdings K.K.,iMG606BD+AC0-R2,iMG606BD+AC0-R2+AC0-main,,00:0d:da:0d:29:27,,
Allied Telesis Holdings K.K.,iMG606BD+AC0-R2,iMG606BD+AC0-R2+AC0-main,,00:0d:da:0d:29:48,,
Allied Telesis Holdings K.K.,iMG624A+AC0-R2,iMG624A+AC0-R2+AC0-main,,00:0d:da:0d:3e:83,,
Allied Telesis Holdings K.K.,iMG624A+AC0-R2,iMG624A+AC0-R2+AC0-main,,00:0d:da:0d:3e:d3,,
Allied Telesis Holdings K.K.,iMG624A+AC0-R2,iMG624A+AC0-R2+AC0-main,,00:0d:da:0d:3e:d3,,
Allied Telesis Holdings K.K.,iMG624A+AC0-R2,iMG624A+AC0-R2+AC0-main,,00:0d:da:0d:3e:dd,,
Allied Telesis Holdings K.K.,iMG624A+AC0-R2,iMG624A+AC0-R2+AC0-main,,00:0d:da:0d:3e:dd,,
Allied Telesis Holdings K.K.,iMG726BD+AC0-ON,iMG726+AC0-MAIN,,00:0d:da:0d:50:f4,3+AC0-8+AC0-05 release 04,
Allied Telesis Holdings K.K.,iMG634A+AC0-R2,iMG634A+AC0-R2+AC0-main,,00:0d:da:0d:82:e5,,
Allied Telesis Holdings K.K.,iMG634A+AC0-R2,iMG634A+AC0-R2+AC0-main,,00:0d:da:0d:83:03,,
Allied Telesis Holdings K.K.,iMG634A+AC0-R2,iMG634A+AC0-R2+AC0-main,,00:0d:da:0d:83:47,,
Allied Telesis Holdings K.K.,iMG634A+AC0-R2,iMG634A+AC0-R2+AC0-main,,00:0d:da:0d:83:7f,,
Allied Telesis Holdings K.K.,iMG634A+AC0-R2,iMG634A+AC0-R2+AC0-main,,00:0d:da:0d:84:25,,
Allied Telesis Holdings K.K.,iMG634A+AC0-R2,iMG634A+AC0-R2+AC0-main,,00:0d:da:0d:84:6d,,
Allied Telesis Holdings K.K.,iMG634A+AC0-R2,iMG634A+AC0-R2+AC0-main,,00:0d:da:0d:84:6e,,
Allied Telesis Holdings K.K.,iMG634A+AC0-R2,iMG634A+AC0-R2+AC0-main,,00:0d:da:0d:85:5f,,
Allied Telesis Holdings K.K.,iMG634A+AC0-R2,iMG634A+AC0-R2+AC0-main,,00:0d:da:0d:85:90,,
Allied Telesis Holdings K.K.,iMG634A+AC0-R2,iMG634A+AC0-R2+AC0-main,,00:0d:da:0d:85:ae,,
Allied Telesis Holdings K.K.,iMG606BD+AC0-R2,iMG606BD+AC0-R2+AC0-main,,00:0d:da:0d:8f:76,,
Allied Telesis Holdings K.K.,iMG606BD+AC0-R2,iMG606BD+AC0-R2+AC0-main,,00:0d:da:0d:8f:95,,
Allied Telesis Holdings K.K.,iMG606BD+AC0-R2,iMG606BD+AC0-R2+AC0-main,,00:0d:da:0d:8f:ad,,
Allied Telesis Holdings K.K.,iMG606BD+AC0-R2,iMG606BD+AC0-R2+AC0-main,,00:0d:da:0d:8f:b9,,
Allied Telesis Holdings K.K.,iMG606BD+AC0-R2,iMG606BD+AC0-R2+AC0-main,,00:0d:da:0d:8f:bf,,
Allied Telesis Holdings K.K.,iMG606BD+AC0-R2,iMG606BD+AC0-R2+AC0-main,,00:0d:da:0d:8f:c9,,
Allied Telesis Holdings K.K.,iMG606BD+AC0-R2,iMG606BD+AC0-R2+AC0-main,,00:0d:da:0d:90:0e,,
Allied Telesis Holdings K.K.,iMG606BD+AC0-R2,iMG606BD+AC0-R2+AC0-main,,00:0d:da:0d:90:17,,
Allied Telesis Holdings K.K.,iMG606BD+AC0-R2,iMG606BD+AC0-R2+AC0-main,,00:0d:da:0d:90:1a,,
Allied Telesis Holdings K.K.,iMG606BD+AC0-R2,iMG606BD+AC0-R2+AC0-main,,00:0d:da:0d:90:2a,,
Allied Telesis Holdings K.K.,iMG606BD+AC0-R2,iMG606BD+AC0-R2+AC0-main,,00:0d:da:0d:90:5c,,
Allied Telesis Holdings K.K.,iMG606BD+AC0-R2,iMG606BD+AC0-R2+AC0-main,,00:0d:da:0d:92:6e,,
Allied Telesis Holdings K.K.,iMG606BD+AC0-R2,iMG606BD+AC0-R2+AC0-main,,00:0d:da:0d:92:98,,
Allied Telesis Holdings K.K.,iMG606BD+AC0-R2,iMG606BD+AC0-R2+AC0-main,,00:0d:da:0d:92:a3,,
Allied Telesis Holdings K.K.,iMG606BD+AC0-R2,iMG606BD+AC0-R2+AC0-main,,00:0d:da:0d:92:bc,,
Allied Telesis Holdings K.K.,iMG606BD+AC0-R2,iMG606BD+AC0-R2+AC0-main,,00:0d:da:0d:92:ea,,
Allied Telesis Holdings K.K.,iMG606BD+AC0-R2,iMG606BD+AC0-R2+AC0-main,,00:0d:da:0d:92:f4,,
Allied Telesis Holdings K.K.,iMG606BD+AC0-R2,iMG606BD+AC0-R2+AC0-main,,00:0d:da:0d:93:18,,
Allied Telesis Holdings K.K.,iMG606BD+AC0-R2,iMG606BD+AC0-R2+AC0-main,,00:0d:da:0d:93:18,,
Allied Telesis Holdings K.K.,iMG606BD+AC0-R2,iMG606BD+AC0-R2+AC0-main,,00:0d:da:0d:93:47,,
Allied Telesis Holdings K.K.,iMG606BD+AC0-R2,iMG606BD+AC0-R2+AC0-main,,00:0d:da:0d:93:6c,,
Allied Telesis Holdings K.K.,iMG606BD+AC0-R2,iMG606BD+AC0-R2+AC0-main,,00:0d:da:0d:93:91,,
Allied Telesis Holdings K.K.,iMG606BD+AC0-R2,iMG606BD+AC0-R2+AC0-main,,00:0d:da:0d:93:9c,,
Allied Telesis Holdings K.K.,iMG606BD+AC0-R2,iMG606BD+AC0-R2+AC0-main,,00:0d:da:0d:93:9c,,
Allied Telesis Holdings K.K.,iMG606BD+AC0-R2,iMG606BD+AC0-R2+AC0-main,,00:0d:da:0d:93:9c,,
Allied Telesis Holdings K.K.,iMG606BD+AC0-R2,iMG606BD+AC0-R2+AC0-main,,00:0d:da:0d:93:a5,,
Allied Telesis Holdings K.K.,iMG606BD+AC0-R2,iMG606BD+AC0-R2+AC0-main,,00:0d:da:0d:93:ad,,
Allied Telesis Holdings K.K.,iMG606BD+AC0-R2,iMG606BD+AC0-R2+AC0-main,,00:0d:da:0d:94:73,,
Allied Telesis Holdings K.K.,iMG606BD+AC0-R2,iMG606BD+AC0-R2+AC0-main,,00:0d:da:0d:94:78,,
Allied Telesis Holdings K.K.,iMG606BD+AC0-R2,iMG606BD+AC0-R2+AC0-main,,00:0d:da:0d:94:81,,
Allied Telesis Holdings K.K.,iMG606BD+AC0-R2,iMG606BD+AC0-R2+AC0-main,,00:0d:da:0d:94:b3,,
Allied Telesis Holdings K.K.,iMG606BD+AC0-R2,iMG606BD+AC0-R2+AC0-main,,00:0d:da:0d:94:bf,,
Allied Telesis Holdings K.K.,iMG606BD+AC0-R2,iMG606BD+AC0-R2+AC0-main,,00:0d:da:0d:94:bf,,
Allied Telesis Holdings K.K.,iMG606BD+AC0-R2,iMG606BD+AC0-R2+AC0-main,,00:0d:da:0d:94:cc,,
Allied Telesis Holdings K.K.,iMG606BD+AC0-R2,iMG606BD+AC0-R2+AC0-main,,00:0d:da:0d:94:f5,,
Allied Telesis Holdings K.K.,iMG606BD+AC0-R2,iMG606BD+AC0-R2+AC0-main,,00:0d:da:0d:94:ff,,
Allied Telesis Holdings K.K.,iMG606BD+AC0-R2,iMG606BD+AC0-R2+AC0-main,,00:0d:da:0d:95:01,,
Allied Telesis Holdings K.K.,iMG606BD+AC0-R2,iMG606BD+AC0-R2+AC0-main,,00:0d:da:0d:95:01,,
Allied Telesis Holdings K.K.,iMG606BD+AC0-R2,iMG606BD+AC0-R2+AC0-main,,00:0d:da:0d:95:02,,
Allied Telesis Holdings K.K.,iMG606BD+AC0-R2,iMG606BD+AC0-R2+AC0-main,,00:0d:da:0d:95:0e,,
Allied Telesis Holdings K.K.,iMG606BD+AC0-R2,iMG606BD+AC0-R2+AC0-main,,00:0d:da:0d:95:1d,,
Allied Telesis Holdings K.K.,iMG606BD+AC0-R2,iMG606BD+AC0-R2+AC0-main,,00:0d:da:0d:95:2e,,
Allied Telesis Holdings K.K.,iMG606BD+AC0-R2,iMG606BD+AC0-R2+AC0-main,,00:0d:da:0d:95:2e,,
Allied Telesis Holdings K.K.,iMG606BD+AC0-R2,iMG606BD+AC0-R2+AC0-main,,00:0d:da:0d:95:2e,,
Allied Telesis Holdings K.K.,iMG606BD+AC0-R2,iMG606BD+AC0-R2+AC0-main,,00:0d:da:0d:95:43,,
Allied Telesis Holdings K.K.,iMG606BD+AC0-R2,iMG606BD+AC0-R2+AC0-main,,00:0d:da:0d:95:76,,
Allied Telesis Holdings K.K.,iMG606BD+AC0-R2,iMG606BD+AC0-R2+AC0-main,,00:0d:da:0d:95:76,,
Allied Telesis Holdings K.K.,iMG606BD+AC0-R2,iMG606BD+AC0-R2+AC0-main,,00:0d:da:0d:95:8a,,
Allied Telesis Holdings K.K.,iMG606BD+AC0-R2,iMG606BD+AC0-R2+AC0-main,,00:0d:da:0d:95:90,,
Allied Telesis Holdings K.K.,iMG606BD+AC0-R2,iMG606BD+AC0-R2+AC0-main,,00:0d:da:0d:95:b1,,
Allied Telesis Holdings K.K.,iMG606BD+AC0-R2,iMG606BD+AC0-R2+AC0-main,,00:0d:da:0d:95:b6,,
Allied Telesis Holdings K.K.,iMG606BD+AC0-R2,iMG606BD+AC0-R2+AC0-main,,00:0d:da:0d:95:b6,,
Allied Telesis Holdings K.K.,iMG606BD+AC0-R2,iMG606BD+AC0-R2+AC0-main,,00:0d:da:0d:95:be,,
Allied Telesis Holdings K.K.,iMG606BD+AC0-R2,iMG606BD+AC0-R2+AC0-main,,00:0d:da:0d:95:c1,,
Allied Telesis Holdings K.K.,iMG606BD+AC0-R2,iMG606BD+AC0-R2+AC0-main,,00:0d:da:0d:95:c5,,
Allied Telesis Holdings K.K.,iMG606BD+AC0-R2,iMG606BD+AC0-R2+AC0-main,,00:0d:da:0d:95:ce,,
Allied Telesis Holdings K.K.,iMG606BD+AC0-R2,iMG606BD+AC0-R2+AC0-main,,00:0d:da:0d:95:ce,,
Allied Telesis Holdings K.K.,iMG606BD+AC0-R2,iMG606BD+AC0-R2+AC0-main,,00:0d:da:0d:95:f3,,
Allied Telesis Holdings K.K.,iMG606BD+AC0-R2,iMG606BD+AC0-R2+AC0-main,,00:0d:da:0d:95:f4,,
Allied Telesis Holdings K.K.,iMG606BD+AC0-R2,iMG606BD+AC0-R2+AC0-main,,00:0d:da:0d:96:08,,
Allied Telesis Holdings K.K.,iMG606BD+AC0-R2,iMG606BD+AC0-R2+AC0-main,,00:0d:da:0d:96:dd,,
Allied Telesis Holdings K.K.,iMG606BD+AC0-R2,iMG606BD+AC0-R2+AC0-main,,00:0d:da:0d:96:eb,,
Allied Telesis Holdings K.K.,iMG606BD+AC0-R2,iMG606BD+AC0-R2+AC0-main,,00:0d:da:0d:96:f5,,
Allied Telesis Holdings K.K.,iMG606BD+AC0-R2,iMG606BD+AC0-R2+AC0-main,,00:0d:da:0d:96:fd,,
Allied Telesis Holdings K.K.,iMG606BD+AC0-R2,iMG606BD+AC0-R2+AC0-main,,00:0d:da:0d:96:fe,,
Allied Telesis Holdings K.K.,iMG606BD+AC0-R2,iMG606BD+AC0-R2+AC0-main,,00:0d:da:0d:97:02,,
Allied Telesis Holdings K.K.,iMG606BD+AC0-R2,iMG606BD+AC0-R2+AC0-main,,00:0d:da:0d:97:03,,
Allied Telesis Holdings K.K.,iMG606BD+AC0-R2,iMG606BD+AC0-R2+AC0-main,,00:0d:da:0d:97:16,,
Allied Telesis Holdings K.K.,iMG606BD+AC0-R2,iMG606BD+AC0-R2+AC0-main,,00:0d:da:0d:97:23,,
Allied Telesis Holdings K.K.,iMG606BD+AC0-R2,iMG606BD+AC0-R2+AC0-main,,00:0d:da:0d:97:35,,
Allied Telesis Holdings K.K.,iMG606BD+AC0-R2,iMG606BD+AC0-R2+AC0-main,,00:0d:da:0d:97:36,,
Allied Telesis Holdings K.K.,iMG606BD+AC0-R2,iMG606BD+AC0-R2+AC0-main,,00:0d:da:0d:97:3d,,
Allied Telesis Holdings K.K.,iMG606BD+AC0-R2,iMG606BD+AC0-R2+AC0-main,,00:0d:da:0d:97:3f,,
Allied Telesis Holdings K.K.,iMG606BD+AC0-R2,iMG606BD+AC0-R2+AC0-main,,00:0d:da:0d:97:45,,
Allied Telesis Holdings K.K.,iMG606BD+AC0-R2,iMG606BD+AC0-R2+AC0-main,,00:0d:da:0d:af:e0,,
Allied Telesis Holdings K.K.,iMG606BD+AC0-R2,iMG606BD+AC0-R2+AC0-main,,00:0d:da:0d:af:e6,,
Allied Telesis Holdings K.K.,iMG606BD+AC0-R2,iMG606BD+AC0-R2+AC0-main,,00:0d:da:0d:af:eb,,
Allied Telesis Holdings K.K.,iMG606BD+AC0-R2,iMG606BD+AC0-R2+AC0-main,,00:0d:da:0d:b0:04,,
Allied Telesis Holdings K.K.,iMG616BD+AC0-R2,iMG616BD+AC0-R2+AC0-main,,00:0d:da:0d:b2:5e,,
Allied Telesis Holdings K.K.,iMG606BD+AC0-R2,iMG606BD+AC0-R2+AC0-main,,00:0d:da:0d:b2:65,,
Allied Telesis Holdings K.K.,iMG606BD+AC0-R2,iMG606BD+AC0-R2+AC0-main,,00:0d:da:0d:b2:6b,,
Allied Telesis Holdings K.K.,iMG606BD+AC0-R2,iMG606BD+AC0-R2+AC0-main,,00:0d:da:0d:b2:98,,
Allied Telesis Holdings K.K.,iMG606BD+AC0-R2,iMG606BD+AC0-R2+AC0-main,,00:0d:da:0d:b2:98,,
Allied Telesis Holdings K.K.,iMG606BD+AC0-R2,iMG606BD+AC0-R2+AC0-main,,00:0d:da:0d:b2:98,,
Allied Telesis Holdings K.K.,iMG606BD+AC0-R2,iMG606BD+AC0-R2+AC0-main,,00:0d:da:0d:b2:98,,
Allied Telesis Holdings K.K.,iMG606BD+AC0-R2,iMG606BD+AC0-R2+AC0-main,,00:0d:da:0d:b2:ac,,
Allied Telesis Holdings K.K.,iMG606BD+AC0-R2,iMG606BD+AC0-R2+AC0-main,,00:0d:da:0d:b2:af,,
Allied Telesis Holdings K.K.,iMG606BD+AC0-R2,iMG606BD+AC0-R2+AC0-main,,00:0d:da:0d:b2:b0,,
Allied Telesis Holdings K.K.,iMG606BD+AC0-R2,iMG606BD+AC0-R2+AC0-main,,00:0d:da:0d:b2:c5,,
Allied Telesis Holdings K.K.,iMG606BD+AC0-R2,iMG606BD+AC0-R2+AC0-main,,00:0d:da:0d:b2:e5,,
Allied Telesis Holdings K.K.,iMG606BD+AC0-R2,iMG606BD+AC0-R2+AC0-main,,00:0d:da:0d:b3:07,,
Allied Telesis Holdings K.K.,iMG606BD+AC0-R2,iMG606BD+AC0-R2+AC0-main,,00:0d:da:0d:b3:15,,
Allied Telesis Holdings K.K.,iMG606BD+AC0-R2,iMG606BD+AC0-R2+AC0-main,,00:0d:da:0d:b3:1b,,
Allied Telesis Holdings K.K.,iMG606BD+AC0-R2,iMG606BD+AC0-R2+AC0-main,,00:0d:da:0d:b3:1b,,
Allied Telesis Holdings K.K.,iMG606BD+AC0-R2,iMG606BD+AC0-R2+AC0-main,,00:0d:da:0d:b3:1b,,
Allied Telesis Holdings K.K.,iMG606BD+AC0-R2,iMG606BD+AC0-R2+AC0-main,,00:0d:da:0d:b3:1b,,
Allied Telesis Holdings K.K.,iMG606BD+AC0-R2,iMG606BD+AC0-R2+AC0-main,,00:0d:da:0d:b3:2b,,
Allied Telesis Holdings K.K.,iMG606BD+AC0-R2,iMG606BD+AC0-R2+AC0-main,,00:0d:da:0d:b3:36,,
Allied Telesis Holdings K.K.,iMG606BD+AC0-R2,iMG606BD+AC0-R2+AC0-main,,00:0d:da:0d:b3:58,,
Allied Telesis Holdings K.K.,iMG606BD+AC0-R2,iMG606BD+AC0-R2+AC0-main,,00:0d:da:0d:b3:6b,,
Allied Telesis Holdings K.K.,iMG606BD+AC0-R2,iMG606BD+AC0-R2+AC0-main,,00:0d:da:0d:b3:74,,
Allied Telesis Holdings K.K.,iMG606BD+AC0-R2,iMG606BD+AC0-R2+AC0-main,,00:0d:da:0d:b3:76,,
Allied Telesis Holdings K.K.,iMG606BD+AC0-R2,iMG606BD+AC0-R2+AC0-main,,00:0d:da:0d:b3:77,,
Allied Telesis Holdings K.K.,iMG606BD+AC0-R2,iMG606BD+AC0-R2+AC0-main,,00:0d:da:0d:b3:83,,
Allied Telesis Holdings K.K.,iMG606BD+AC0-R2,iMG606BD+AC0-R2+AC0-main,,00:0d:da:0d:b3:a2,,
Allied Telesis Holdings K.K.,iMG606BD+AC0-R2,iMG606BD+AC0-R2+AC0-main,,00:0d:da:0d:b3:aa,,
Allied Telesis Holdings K.K.,iMG606BD+AC0-R2,iMG606BD+AC0-R2+AC0-main,,00:0d:da:0d:b3:b1,,
Allied Telesis Holdings K.K.,iMG606BD+AC0-R2,iMG606BD+AC0-R2+AC0-main,,00:0d:da:0d:c3:d6,,
Allied Telesis Holdings K.K.,iMG606BD+AC0-R2,iMG606BD+AC0-R2+AC0-main,,00:0d:da:0d:c3:d6,,
Allied Telesis Holdings K.K.,iMG606BD+AC0-R2,iMG606BD+AC0-R2+AC0-main,,00:0d:da:0d:c4:18,,
Allied Telesis Holdings K.K.,iMG606BD+AC0-R2,iMG606BD+AC0-R2+AC0-main,,00:0d:da:0d:c4:2d,,
Allied Telesis Holdings K.K.,iMG606BD+AC0-R2,iMG606BD+AC0-R2+AC0-main,,00:0d:da:0d:c4:32,,
Allied Telesis Holdings K.K.,iMG606BD+AC0-R2,iMG606BD+AC0-R2+AC0-main,,00:0d:da:0d:c4:32,,
Allied Telesis Holdings K.K.,iMG606BD+AC0-R2,iMG606BD+AC0-R2+AC0-main,,00:0d:da:0d:c4:39,,
Allied Telesis Holdings K.K.,iMG606BD+AC0-R2,iMG606BD+AC0-R2+AC0-main,,00:0d:da:0d:c4:42,,
Allied Telesis Holdings K.K.,iMG606BD+AC0-R2,iMG606BD+AC0-R2+AC0-main,,00:0d:da:0d:c4:48,,
Allied Telesis Holdings K.K.,iMG606BD+AC0-R2,iMG606BD+AC0-R2+AC0-main,,00:0d:da:0d:c4:54,,
Allied Telesis Holdings K.K.,iMG606BD+AC0-R2,iMG606BD+AC0-R2+AC0-main,,00:0d:da:0d:c4:63,,
Allied Telesis Holdings K.K.,iMG606BD+AC0-R2,iMG606BD+AC0-R2+AC0-main,,00:0d:da:0d:c4:6b,,
Allied Telesis Holdings K.K.,iMG606BD+AC0-R2,iMG606BD+AC0-R2+AC0-main,,00:0d:da:0d:c4:73,,
Allied Telesis Holdings K.K.,iMG606BD+AC0-R2,iMG606BD+AC0-R2+AC0-main,,00:0d:da:0d:c4:76,,
Allied Telesis Holdings K.K.,iMG606BD+AC0-R2,iMG606BD+AC0-R2+AC0-main,,00:0d:da:0d:c4:77,,
Allied Telesis Holdings K.K.,iMG634A+AC0-R2,iMG634A+AC0-R2+AC0-main,,00:0d:da:0d:d2:9f,,
Allied Telesis Holdings K.K.,iMG634A+AC0-R2,iMG634A+AC0-R2+AC0-main,,00:0d:da:0d:d2:b8,,
Allied Telesis Holdings K.K.,iMG634A+AC0-R2,iMG634A+AC0-R2+AC0-main,,00:0d:da:0d:d2:b8,,
Allied Telesis Holdings K.K.,iMG634A+AC0-R2,iMG634A+AC0-R2+AC0-main,,00:0d:da:0d:d2:c8,,
Allied Telesis Holdings K.K.,iMG634A+AC0-R2,iMG634A+AC0-R2+AC0-main,,00:0d:da:0d:d2:c8,,
Allied Telesis Holdings K.K.,iMG634A+AC0-R2,iMG634A+AC0-R2+AC0-main,,00:0d:da:0d:d2:d4,,
Allied Telesis Holdings K.K.,iMG634A+AC0-R2,iMG634A+AC0-R2+AC0-main,,00:0d:da:0d:d2:d4,,
Allied Telesis Holdings K.K.,iMG634A+AC0-R2,iMG634A+AC0-R2+AC0-main,,00:0d:da:0d:d2:f3,,
Allied Telesis Holdings K.K.,iMG634A+AC0-R2,iMG634A+AC0-R2+AC0-main,,00:0d:da:0d:d2:f3,,
Allied Telesis Holdings K.K.,iMG634A+AC0-R2,iMG634A+AC0-R2+AC0-main,,00:0d:da:0d:d3:62,,
Allied Telesis Holdings K.K.,iMG634A+AC0-R2,iMG634A+AC0-R2+AC0-main,,00:0d:da:0d:d3:62,,
Allied Telesis Holdings K.K.,iMG624A+AC0-R2,iMG624A+AC0-R2+AC0-main,,00:0d:da:0d:d4:d2,,
Allied Telesis Holdings K.K.,iMG624A+AC0-R2,iMG624A+AC0-R2+AC0-main,,00:0d:da:0d:d4:ee,,
Allied Telesis Holdings K.K.,iMG624A+AC0-R2,iMG624A+AC0-R2+AC0-main,,00:0d:da:0d:d5:42,,
Allied Telesis Holdings K.K.,iMG624A+AC0-R2,iMG624A+AC0-R2+AC0-main,,00:0d:da:0d:d5:42,,
Allied Telesis Holdings K.K.,iMG624A+AC0-R2,iMG624A+AC0-R2+AC0-main,,00:0d:da:0d:d6:3e,,
Allied Telesis Holdings K.K.,iMG624A+AC0-R2,iMG624A+AC0-R2+AC0-main,,00:0d:da:0d:d6:3e,,
Allied Telesis Holdings K.K.,iMG624A+AC0-R2,iMG624A+AC0-R2+AC0-main,,00:0d:da:0d:d6:41,,
Allied Telesis Holdings K.K.,iMG624A+AC0-R2,iMG624A+AC0-R2+AC0-main,,00:0d:da:0d:d6:41,,
Allied Telesis Holdings K.K.,iMG624A+AC0-R2,iMG624A+AC0-R2+AC0-main,,00:0d:da:0d:d6:42,,
Allied Telesis Holdings K.K.,iMG624A+AC0-R2,iMG624A+AC0-R2+AC0-main,,00:0d:da:0d:d6:42,,
Allied Telesis Holdings K.K.,iMG624A+AC0-R2,iMG624A+AC0-R2+AC0-main,,00:0d:da:0d:d6:42,,
Allied Telesis Holdings K.K.,iMG624A+AC0-R2,iMG624A+AC0-R2+AC0-main,,00:0d:da:0d:d6:8e,,
Allied Telesis Holdings K.K.,iMG624A+AC0-R2,iMG624A+AC0-R2+AC0-main,,00:0d:da:0d:d6:8e,,
Allied Telesis Holdings K.K.,iMG624A+AC0-R2,iMG624A+AC0-R2+AC0-main,,00:0d:da:0d:d6:e9,,
Allied Telesis Holdings K.K.,iMG624A+AC0-R2,iMG624A+AC0-R2+AC0-main,,00:0d:da:0d:d6:e9,,
Allied Telesis Holdings K.K.,iMG624A+AC0-R2,iMG624A+AC0-R2+AC0-main,,00:0d:da:0d:d7:14,,
Allied Telesis Holdings K.K.,iMG624A+AC0-R2,iMG624A+AC0-R2+AC0-main,,00:0d:da:0d:d7:14,,
Allied Telesis Holdings K.K.,iMG616BD+AC0-R2,iMG616BD+AC0-R2+AC0-main,,00:0d:da:0e:88:86,,
Allied Telesis Holdings K.K.,iMG616BD+AC0-R2,iMG616BD+AC0-R2+AC0-main,,00:0d:da:0e:89:b7,,
Allied Telesis Holdings K.K.,iMG616BD+AC0-R2,iMG616BD+AC0-R2+AC0-main,,00:0d:da:0e:cc:6f,,
Allied Telesis Holdings K.K.,iMG616BD+AC0-R2,iMG616BD+AC0-R2+AC0-main,,00:0d:da:0e:cc:6f,,
Allied Telesis Holdings K.K.,iMG616BD+AC0-R2,iMG616BD+AC0-R2+AC0-main,,00:0d:da:0e:cc:e3,,
Allied Telesis Holdings K.K.,iMG616BD+AC0-R2,iMG616BD+AC0-R2+AC0-main,,00:0d:da:0e:cc:e3,,
